ISO-10303-21;
HEADER;
FILE_DESCRIPTION (( 'STEP AP214' ),
    '1' );
FILE_NAME ('564-0200-132F.STEP',
    '2024-12-05T08:34:52',
    ( '' ),
    ( '' ),
    'SwSTEP 2.0',
    'SolidWorks 2024',
    '' );
FILE_SCHEMA (( 'AUTOMOTIVE_DESIGN' ));
ENDSEC;

DATA;
#1 = CARTESIAN_POINT ( 'NONE',  ( -0.04000000000000000083, -0.7449999999999999956, -0.1849999999999999978 ) ) ;
#2 = FILL_AREA_STYLE_COLOUR ( '', #102 ) ;
#3 = SURFACE_STYLE_FILL_AREA ( #1011 ) ;
#4 = ORIENTED_EDGE ( 'NONE', *, *, #416, .F. ) ;
#5 = ORIENTED_EDGE ( 'NONE', *, *, #703, .F. ) ;
#6 = VECTOR ( 'NONE', #1613, 39.37007874015748143 ) ;
#7 = EDGE_LOOP ( 'NONE', ( #847, #1696, #145, #224 ) ) ;
#8 = CIRCLE ( 'NONE', #1061, 0.05899999999999999689 ) ;
#9 = PLANE ( 'NONE',  #1117 ) ;
#10 = PRESENTATION_LAYER_ASSIGNMENT (  '', '', ( #1442 ) ) ;
#11 = DIRECTION ( 'NONE',  ( -0.000000000000000000, 0.000000000000000000, -1.000000000000000000 ) ) ;
#12 = EDGE_CURVE ( 'NONE', #805, #18, #857, .T. ) ;
#13 = VECTOR ( 'NONE', #677, 39.37007874015748143 ) ;
#14 = DIRECTION ( 'NONE',  ( 0.000000000000000000, 0.000000000000000000, 1.000000000000000000 ) ) ;
#15 = CARTESIAN_POINT ( 'NONE',  ( -0.04000000000000000083, -0.5799999999999999600, -0.2849999999999999756 ) ) ;
#16 = EDGE_CURVE ( 'NONE', #1445, #491, #638, .T. ) ;
#17 = VERTEX_POINT ( 'NONE', #1200 ) ;
#18 = VERTEX_POINT ( 'NONE', #1311 ) ;
#19 = DIRECTION ( 'NONE',  ( 0.000000000000000000, -0.000000000000000000, -1.000000000000000000 ) ) ;
#20 = DIRECTION ( 'NONE',  ( 1.000000000000000000, 0.000000000000000000, 0.000000000000000000 ) ) ;
#21 = ORIENTED_EDGE ( 'NONE', *, *, #919, .F. ) ;
#22 = FILL_AREA_STYLE ('',( #2 ) ) ;
#23 = EDGE_CURVE ( 'NONE', #1445, #408, #1618, .T. ) ;
#24 = DIRECTION ( 'NONE',  ( 1.000000000000000000, 0.000000000000000000, -0.000000000000000000 ) ) ;
#25 = ORIENTED_EDGE ( 'NONE', *, *, #1074, .F. ) ;
#26 = EDGE_CURVE ( 'NONE', #390, #697, #340, .T. ) ;
#27 = ORIENTED_EDGE ( 'NONE', *, *, #1246, .F. ) ;
#28 = CARTESIAN_POINT ( 'NONE',  ( -0.04000000000000000083, -0.7449999999999999956, -0.3850000000000000089 ) ) ;
#29 =( NAMED_UNIT ( * ) PLANE_ANGLE_UNIT ( ) SI_UNIT ( $, .RADIAN. ) );
#30 = VECTOR ( 'NONE', #526, 39.37007874015748143 ) ;
#31 = LENGTH_MEASURE_WITH_UNIT ( LENGTH_MEASURE( 0.02539999999999999897 ), #1173 );
#32 = LINE ( 'NONE', #15, #415 ) ;
#33 = EDGE_CURVE ( 'NONE', #1552, #367, #1475, .T. ) ;
#34 = ORIENTED_EDGE ( 'NONE', *, *, #1688, .F. ) ;
#35 = AXIS2_PLACEMENT_3D ( 'NONE', #483, #1323, #1208 ) ;
#36 = CARTESIAN_POINT ( 'NONE',  ( 0.08500000000000999811, 0.000000000000000000, -0.4550000000000000155 ) ) ;
#37 = DIRECTION ( 'NONE',  ( 0.000000000000000000, 1.000000000000000000, 0.000000000000000000 ) ) ;
#38 = CARTESIAN_POINT ( 'NONE',  ( 0.08500000000000999811, 0.000000000000000000, -0.4550000000000000155 ) ) ;
#39 = MECHANICAL_DESIGN_GEOMETRIC_PRESENTATION_REPRESENTATION (  '', ( #1655 ), #1352 ) ;
#40 = LENGTH_MEASURE_WITH_UNIT ( LENGTH_MEASURE( 0.02539999999999999897 ), #494 );
#41 = DIRECTION ( 'NONE',  ( 0.000000000000000000, 0.000000000000000000, 1.000000000000000000 ) ) ;
#42 = ORIENTED_EDGE ( 'NONE', *, *, #372, .F. ) ;
#43 = CARTESIAN_POINT ( 'NONE',  ( 0.05899999999999999689, -0.1000000000000000056, -0.005150000000000000064 ) ) ;
#44 = EDGE_CURVE ( 'NONE', #1420, #946, #706, .T. ) ;
#45 = CARTESIAN_POINT ( 'NONE',  ( -0.05999999999999999778, -0.5799999999999999600, -0.1849999999999999978 ) ) ;
#46 =( CONVERSION_BASED_UNIT ( 'INCH', #768 ) LENGTH_UNIT ( ) NAMED_UNIT ( #532 ) );
#47 = LINE ( 'NONE', #492, #810 ) ;
#48 = LENGTH_MEASURE_WITH_UNIT ( LENGTH_MEASURE( 0.02539999999999999897 ), #480 );
#49 = FACE_OUTER_BOUND ( 'NONE', #1801, .T. ) ;
#50 = CARTESIAN_POINT ( 'NONE',  ( -0.05899999999999999689, -0.2999999999999999889, 0.04399999999999999745 ) ) ;
#51 = VERTEX_POINT ( 'NONE', #777 ) ;
#52 = CARTESIAN_POINT ( 'NONE',  ( 0.06500000000000000222, -0.5799999999999999600, 0.000000000000000000 ) ) ;
#53 = ORIENTED_EDGE ( 'NONE', *, *, #814, .F. ) ;
#54 = PRESENTATION_STYLE_ASSIGNMENT (( #1046 ) ) ;
#55 = PLANE ( 'NONE',  #1043 ) ;
#56 = AXIS2_PLACEMENT_3D ( 'NONE', #1190, #921, #1207 ) ;
#57 =( NAMED_UNIT ( * ) PLANE_ANGLE_UNIT ( ) SI_UNIT ( $, .RADIAN. ) );
#58 = CARTESIAN_POINT ( 'NONE',  ( 0.000000000000000000, -0.1000000000000000056, 0.04399999999999999745 ) ) ;
#59 = EDGE_LOOP ( 'NONE', ( #1597, #1411, #1137, #1303 ) ) ;
#60 =( LENGTH_UNIT ( ) NAMED_UNIT ( * ) SI_UNIT ( $, .METRE. ) );
#61 = VERTEX_POINT ( 'NONE', #45 ) ;
#62 = DIRECTION ( 'NONE',  ( 0.000000000000000000, 0.000000000000000000, 1.000000000000000000 ) ) ;
#63 = COLOUR_RGB ( '',0.2862745098039215508, 0.6627450980392156632, 0.3294117647058823484 ) ;
#64 = DIRECTION ( 'NONE',  ( -0.000000000000000000, -0.000000000000000000, -1.000000000000000000 ) ) ;
#65 = EDGE_CURVE ( 'NONE', #91, #296, #1331, .T. ) ;
#66 = PLANE ( 'NONE',  #501 ) ;
#67 = AXIS2_PLACEMENT_3D ( 'NONE', #1563, #1572, #1149 ) ;
#68 = PRESENTATION_LAYER_ASSIGNMENT (  '', '', ( #1268 ) ) ;
#69 = DIRECTION ( 'NONE',  ( 0.000000000000000000, 0.000000000000000000, 1.000000000000000000 ) ) ;
#70 = STYLED_ITEM ( 'NONE', ( #1019 ), #289 ) ;
#71 = ORIENTED_EDGE ( 'NONE', *, *, #1462, .T. ) ;
#72 = EDGE_CURVE ( 'NONE', #1263, #427, #1062, .T. ) ;
#73 = LENGTH_MEASURE_WITH_UNIT ( LENGTH_MEASURE( 0.02539999999999999897 ), #1351 );
#74 = DIRECTION ( 'NONE',  ( 0.000000000000000000, 0.000000000000000000, 1.000000000000000000 ) ) ;
#75 = VERTEX_POINT ( 'NONE', #1782 ) ;
#76 =( LENGTH_UNIT ( ) NAMED_UNIT ( * ) SI_UNIT ( $, .METRE. ) );
#77 = VECTOR ( 'NONE', #1760, 39.37007874015748143 ) ;
#78 = LINE ( 'NONE', #38, #1188 ) ;
#79 = DIRECTION ( 'NONE',  ( 1.000000000000000000, 0.000000000000000000, 0.000000000000000000 ) ) ;
#80 = CARTESIAN_POINT ( 'NONE',  ( -0.08499999999998998634, -0.5999999999999999778, 0.000000000000000000 ) ) ;
#81 =( GEOMETRIC_REPRESENTATION_CONTEXT ( 3 ) GLOBAL_UNCERTAINTY_ASSIGNED_CONTEXT ( ( #1842 ) ) GLOBAL_UNIT_ASSIGNED_CONTEXT ( ( #1781, #637, #929 ) ) REPRESENTATION_CONTEXT ( 'NONE', 'WORKASPACE' ) );
#82 = PRESENTATION_LAYER_ASSIGNMENT (  '', '', ( #662 ) ) ;
#83 = LINE ( 'NONE', #1769, #173 ) ;
#84 = ADVANCED_FACE ( 'NONE', ( #357 ), #1484, .T. ) ;
#85 = VERTEX_POINT ( 'NONE', #508 ) ;
#86 = PLANE ( 'NONE',  #1824 ) ;
#87 = LINE ( 'NONE', #668, #530 ) ;
#88 = ORIENTED_EDGE ( 'NONE', *, *, #1602, .T. ) ;
#89 = CARTESIAN_POINT ( 'NONE',  ( -0.04000000000000000083, -0.5799999999999999600, -0.1849999999999999978 ) ) ;
#90 = ORIENTED_EDGE ( 'NONE', *, *, #1292, .T. ) ;
#91 = VERTEX_POINT ( 'NONE', #1072 ) ;
#92 = CARTESIAN_POINT ( 'NONE',  ( 0.08500000000000999811, -0.5999999999999999778, -0.4550000000000000155 ) ) ;
#93 = CARTESIAN_POINT ( 'NONE',  ( 0.000000000000000000, -0.04100000000000002254, 0.04399999999999999745 ) ) ;
#94 = CARTESIAN_POINT ( 'NONE',  ( 0.04000000000000000083, -0.5799999999999999600, -0.1650000000000000078 ) ) ;
#95 =( NAMED_UNIT ( * ) PLANE_ANGLE_UNIT ( ) SI_UNIT ( $, .RADIAN. ) );
#96 = EDGE_CURVE ( 'NONE', #1549, #1507, #369, .T. ) ;
#97 = LINE ( 'NONE', #1663, #13 ) ;
#98 = ORIENTED_EDGE ( 'NONE', *, *, #883, .T. ) ;
#99 = DIRECTION ( 'NONE',  ( 0.000000000000000000, 0.000000000000000000, 1.000000000000000000 ) ) ;
#100 = ORIENTED_EDGE ( 'NONE', *, *, #335, .F. ) ;
#101 = LINE ( 'NONE', #244, #885 ) ;
#102 = COLOUR_RGB ( '',1.000000000000000000, 0.9372549019607843146, 0.1372549019607843257 ) ;
#103 = FILL_AREA_STYLE ('',( #1821 ) ) ;
#104 = DIRECTION ( 'NONE',  ( 1.000000000000000000, -0.000000000000000000, 0.000000000000000000 ) ) ;
#105 = COLOUR_RGB ( '',0.6941176470588235059, 0.09803921568627450844, 0.09803921568627450844 ) ;
#106 = ORIENTED_EDGE ( 'NONE', *, *, #277, .T. ) ;
#107 = LINE ( 'NONE', #1774, #577 ) ;
#108 = AXIS2_PLACEMENT_3D ( 'NONE', #273, #1269, #282 ) ;
#109 = EDGE_CURVE ( 'NONE', #443, #904, #223, .T. ) ;
#110 = ORIENTED_EDGE ( 'NONE', *, *, #955, .T. ) ;
#111 = STYLED_ITEM ( 'NONE', ( #1249 ), #1205 ) ;
#112 = ADVANCED_FACE ( 'NONE', ( #659 ), #475, .T. ) ;
#113 = CARTESIAN_POINT ( 'NONE',  ( 0.05999999999999999778, -0.7449999999999999956, -0.3850000000000000089 ) ) ;
#114 = PLANE ( 'NONE',  #741 ) ;
#115 = EDGE_CURVE ( 'NONE', #307, #1552, #1456, .T. ) ;
#116 = DIMENSIONAL_EXPONENTS ( 1.000000000000000000, 0.000000000000000000, 0.000000000000000000, 0.000000000000000000, 0.000000000000000000, 0.000000000000000000, 0.000000000000000000 ) ;
#117 = ORIENTED_EDGE ( 'NONE', *, *, #109, .T. ) ;
#118 =( CONVERSION_BASED_UNIT ( 'INCH', #1390 ) LENGTH_UNIT ( ) NAMED_UNIT ( #1819 ) );
#119 = VECTOR ( 'NONE', #911, 39.37007874015748143 ) ;
#120 = ORIENTED_EDGE ( 'NONE', *, *, #1216, .T. ) ;
#121 = SURFACE_STYLE_USAGE ( .BOTH. , #965 ) ;
#122 = CARTESIAN_POINT ( 'NONE',  ( -7.225416114969381790E-18, -0.1590000000000000024, 0.04399999999999999745 ) ) ;
#123 = CARTESIAN_POINT ( 'NONE',  ( 0.04000000000000000083, -0.5799999999999999600, -0.2650000000000000133 ) ) ;
#124 = DIRECTION ( 'NONE',  ( -1.000000000000000000, 0.000000000000000000, 0.000000000000000000 ) ) ;
#125 = COLOUR_RGB ( '',0.2980392156862745057, 0.2980392156862745057, 0.2980392156862745057 ) ;
#126 = ORIENTED_EDGE ( 'NONE', *, *, #1416, .F. ) ;
#127 = VERTEX_POINT ( 'NONE', #36 ) ;
#128 = FILL_AREA_STYLE_COLOUR ( '', #63 ) ;
#129 = FILL_AREA_STYLE_COLOUR ( '', #295 ) ;
#130 = VECTOR ( 'NONE', #205, 39.37007874015748143 ) ;
#131 = SURFACE_STYLE_USAGE ( .BOTH. , #1376 ) ;
#132 = DIRECTION ( 'NONE',  ( 0.000000000000000000, 0.000000000000000000, 1.000000000000000000 ) ) ;
#133 =( GEOMETRIC_REPRESENTATION_CONTEXT ( 3 ) GLOBAL_UNCERTAINTY_ASSIGNED_CONTEXT ( ( #1328 ) ) GLOBAL_UNIT_ASSIGNED_CONTEXT ( ( #956, #811, #1086 ) ) REPRESENTATION_CONTEXT ( 'NONE', 'WORKASPACE' ) );
#134 = ORIENTED_EDGE ( 'NONE', *, *, #1216, .F. ) ;
#135 = LINE ( 'NONE', #1426, #1843 ) ;
#136 = AXIS2_PLACEMENT_3D ( 'NONE', #1557, #314, #1275 ) ;
#137 = EDGE_LOOP ( 'NONE', ( #732, #1672, #1799, #1330 ) ) ;
#138 = FACE_OUTER_BOUND ( 'NONE', #1826, .T. ) ;
#139 = CARTESIAN_POINT ( 'NONE',  ( -0.05999999999999999778, -0.5799999999999999600, -0.3850000000000000089 ) ) ;
#140 = PLANE ( 'NONE',  #597 ) ;
#141 = MECHANICAL_DESIGN_GEOMETRIC_PRESENTATION_REPRESENTATION (  '', ( #1448 ), #393 ) ;
#142 = ORIENTED_EDGE ( 'NONE', *, *, #1085, .F. ) ;
#143 =( NAMED_UNIT ( * ) PLANE_ANGLE_UNIT ( ) SI_UNIT ( $, .RADIAN. ) );
#144 = VECTOR ( 'NONE', #1460, 39.37007874015748143 ) ;
#145 = ORIENTED_EDGE ( 'NONE', *, *, #16, .T. ) ;
#146 = FILL_AREA_STYLE_COLOUR ( '', #1503 ) ;
#147 = PRESENTATION_STYLE_ASSIGNMENT (( #298 ) ) ;
#148 = SURFACE_STYLE_FILL_AREA ( #22 ) ;
#149 = CARTESIAN_POINT ( 'NONE',  ( 0.000000000000000000, -0.2409999999999999920, 0.04399999999999999745 ) ) ;
#150 = VERTEX_POINT ( 'NONE', #1221 ) ;
#151 = VERTEX_POINT ( 'NONE', #1371 ) ;
#152 = VERTEX_POINT ( 'NONE', #1099 ) ;
#153 = LINE ( 'NONE', #867, #474 ) ;
#154 = PLANE ( 'NONE',  #136 ) ;
#155 = ADVANCED_FACE ( 'NONE', ( #807 ), #1506, .F. ) ;
#156 = CARTESIAN_POINT ( 'NONE',  ( 0.04000000000000000083, -0.7449999999999999956, -0.2849999999999999756 ) ) ;
#157 = UNCERTAINTY_MEASURE_WITH_UNIT (LENGTH_MEASURE( 1.000000000000000082E-05 ), #989, 'distance_accuracy_value', 'NONE');
#158 = EDGE_LOOP ( 'NONE', ( #402, #730, #969, #605 ) ) ;
#159 = ORIENTED_EDGE ( 'NONE', *, *, #260, .F. ) ;
#160 = SURFACE_STYLE_FILL_AREA ( #311 ) ;
#161 = VECTOR ( 'NONE', #716, 39.37007874015748143 ) ;
#162 = LINE ( 'NONE', #1580, #560 ) ;
#163 = EDGE_CURVE ( 'NONE', #18, #1545, #87, .T. ) ;
#164 = AXIS2_PLACEMENT_3D ( 'NONE', #712, #576, #1128 ) ;
#165 = LINE ( 'NONE', #1564, #799 ) ;
#166 = AXIS2_PLACEMENT_3D ( 'NONE', #968, #254, #823 ) ;
#167 = VECTOR ( 'NONE', #509, 39.37007874015748143 ) ;
#168 = EDGE_CURVE ( 'NONE', #1763, #656, #1790, .T. ) ;
#169 = FILL_AREA_STYLE_COLOUR ( '', #1344 ) ;
#170 = DIRECTION ( 'NONE',  ( 0.000000000000000000, 0.000000000000000000, 1.000000000000000000 ) ) ;
#171 = ORIENTED_EDGE ( 'NONE', *, *, #666, .T. ) ;
#172 = EDGE_CURVE ( 'NONE', #765, #697, #1798, .T. ) ;
#173 = VECTOR ( 'NONE', #1615, 39.37007874015748143 ) ;
#174 = ORIENTED_EDGE ( 'NONE', *, *, #974, .F. ) ;
#175 = VECTOR ( 'NONE', #933, 39.37007874015748143 ) ;
#176 = DIRECTION ( 'NONE',  ( 0.000000000000000000, -1.000000000000000000, -0.000000000000000000 ) ) ;
#177 = CARTESIAN_POINT ( 'NONE',  ( 0.000000000000000000, -0.1000000000000000056, -0.005150000000000000064 ) ) ;
#178 = PLANE ( 'NONE',  #1414 ) ;
#179 = ORIENTED_EDGE ( 'NONE', *, *, #579, .T. ) ;
#180 =( NAMED_UNIT ( * ) PLANE_ANGLE_UNIT ( ) SI_UNIT ( $, .RADIAN. ) );
#181 = CARTESIAN_POINT ( 'NONE',  ( 7.225416114969383331E-18, -0.3589999999999999858, 0.04399999999999999745 ) ) ;
#182 = ORIENTED_EDGE ( 'NONE', *, *, #23, .F. ) ;
#183 = CARTESIAN_POINT ( 'NONE',  ( 0.05999999999999999778, -0.7449999999999999956, -0.3850000000000000089 ) ) ;
#184 = SURFACE_SIDE_STYLE ('',( #160 ) ) ;
#185 = SURFACE_SIDE_STYLE ('',( #759 ) ) ;
#186 =( CONVERSION_BASED_UNIT ( 'INCH', #624 ) LENGTH_UNIT ( ) NAMED_UNIT ( #962 ) );
#187 = DIRECTION ( 'NONE',  ( -0.000000000000000000, 1.000000000000000000, 0.000000000000000000 ) ) ;
#188 = CARTESIAN_POINT ( 'NONE',  ( -0.04000000000000000777, -0.5799999999999999600, 0.000000000000000000 ) ) ;
#189 = EDGE_CURVE ( 'NONE', #999, #970, #97, .T. ) ;
#190 = VERTEX_POINT ( 'NONE', #1524 ) ;
#191 = SURFACE_STYLE_USAGE ( .BOTH. , #378 ) ;
#192 = AXIS2_PLACEMENT_3D ( 'NONE', #949, #239, #1362 ) ;
#193 = AXIS2_PLACEMENT_3D ( 'NONE', #1767, #374, #1050 ) ;
#194 = DIRECTION ( 'NONE',  ( 1.000000000000000000, 0.000000000000000000, 0.000000000000000000 ) ) ;
#195 = CARTESIAN_POINT ( 'NONE',  ( 0.000000000000000000, -0.7449999999999999956, -0.1000000000000000056 ) ) ;
#196 = DIRECTION ( 'NONE',  ( 0.000000000000000000, 1.000000000000000000, 0.000000000000000000 ) ) ;
#197 = DIRECTION ( 'NONE',  ( 0.000000000000000000, 0.000000000000000000, -1.000000000000000000 ) ) ;
#198 = LENGTH_MEASURE_WITH_UNIT ( LENGTH_MEASURE( 0.02539999999999999897 ), #653 );
#199 = DIRECTION ( 'NONE',  ( -1.000000000000000000, -0.000000000000000000, 0.000000000000000000 ) ) ;
#200 = CARTESIAN_POINT ( 'NONE',  ( 0.06500000000000000222, -0.5999999999999999778, -0.4550000000000000155 ) ) ;
#201 = UNCERTAINTY_MEASURE_WITH_UNIT (LENGTH_MEASURE( 1.000000000000000082E-05 ), #1142, 'distance_accuracy_value', 'NONE');
#202 = DIRECTION ( 'NONE',  ( -1.000000000000000000, -0.000000000000000000, 0.000000000000000000 ) ) ;
#203 = ORIENTED_EDGE ( 'NONE', *, *, #610, .T. ) ;
#204 = FACE_OUTER_BOUND ( 'NONE', #1168, .T. ) ;
#205 = DIRECTION ( 'NONE',  ( -0.000000000000000000, -0.000000000000000000, -1.000000000000000000 ) ) ;
#206 = DIRECTION ( 'NONE',  ( 0.000000000000000000, -1.000000000000000000, 0.000000000000000000 ) ) ;
#207 = AXIS2_PLACEMENT_3D ( 'NONE', #1471, #1347, #246 ) ;
#208 = CARTESIAN_POINT ( 'NONE',  ( 0.000000000000000000, -0.7449999999999999956, 0.000000000000000000 ) ) ;
#209 = DIRECTION ( 'NONE',  ( 0.000000000000000000, 0.000000000000000000, -1.000000000000000000 ) ) ;
#210 = PRESENTATION_STYLE_ASSIGNMENT (( #338 ) ) ;
#211 = COLOUR_RGB ( '',0.2980392156862745057, 0.2980392156862745057, 0.2980392156862745057 ) ;
#212 = FACE_OUTER_BOUND ( 'NONE', #826, .T. ) ;
#213 = ORIENTED_EDGE ( 'NONE', *, *, #883, .F. ) ;
#214 = DIRECTION ( 'NONE',  ( 1.000000000000000000, 0.000000000000000000, -0.000000000000000000 ) ) ;
#215 = ORIENTED_EDGE ( 'NONE', *, *, #1772, .F. ) ;
#216 = EDGE_CURVE ( 'NONE', #538, #1763, #1091, .T. ) ;
#217 = LINE ( 'NONE', #942, #425 ) ;
#218 = ADVANCED_FACE ( 'NONE', ( #519 ), #398, .T. ) ;
#219 = DIRECTION ( 'NONE',  ( 1.000000000000000000, 0.000000000000000000, 0.000000000000000000 ) ) ;
#220 = LINE ( 'NONE', #1187, #77 ) ;
#221 = ORIENTED_EDGE ( 'NONE', *, *, #1219, .F. ) ;
#222 = LENGTH_MEASURE_WITH_UNIT ( LENGTH_MEASURE( 0.02539999999999999897 ), #60 );
#223 = LINE ( 'NONE', #1353, #1171 ) ;
#224 = ORIENTED_EDGE ( 'NONE', *, *, #894, .F. ) ;
#225 = AXIS2_PLACEMENT_3D ( 'NONE', #785, #1737, #1340 ) ;
#226 = EDGE_CURVE ( 'NONE', #408, #891, #563, .T. ) ;
#227 = STYLED_ITEM ( 'NONE', ( #1538 ), #700 ) ;
#228 = CARTESIAN_POINT ( 'NONE',  ( 2.709531043113518364E-18, -0.04100000000000000866, 0.04399999999999999745 ) ) ;
#229 = CARTESIAN_POINT ( 'NONE',  ( -8.128593129340554321E-18, -0.3589999999999999858, 0.04399999999999999745 ) ) ;
#230 = AXIS2_PLACEMENT_3D ( 'NONE', #1697, #1449, #708 ) ;
#231 = CARTESIAN_POINT ( 'NONE',  ( 0.04000000000000000083, -0.7449999999999999956, -0.3850000000000000089 ) ) ;
#232 = ADVANCED_BREP_SHAPE_REPRESENTATION ( '564-0200-132F', ( #1838, #1596 ), #1745 ) ;
#233 = PRESENTATION_LAYER_ASSIGNMENT (  '', '', ( #261 ) ) ;
#234 = EDGE_CURVE ( 'NONE', #1692, #85, #1370, .T. ) ;
#235 = DIRECTION ( 'NONE',  ( 1.000000000000000000, 0.000000000000000000, -0.000000000000000000 ) ) ;
#236 = ORIENTED_EDGE ( 'NONE', *, *, #1307, .T. ) ;
#237 = CARTESIAN_POINT ( 'NONE',  ( -0.04000000000000000083, -0.7449999999999999956, -0.1650000000000000078 ) ) ;
#238 = PRODUCT_DEFINITION_SHAPE ( 'NONE', 'NONE',  #1335 ) ;
#239 = DIRECTION ( 'NONE',  ( 0.000000000000000000, 0.000000000000000000, 1.000000000000000000 ) ) ;
#240 = ORIENTED_EDGE ( 'NONE', *, *, #1486, .T. ) ;
#241 = PRESENTATION_STYLE_ASSIGNMENT (( #1101 ) ) ;
#242 = ORIENTED_EDGE ( 'NONE', *, *, #168, .F. ) ;
#243 = VECTOR ( 'NONE', #546, 39.37007874015748143 ) ;
#244 = CARTESIAN_POINT ( 'NONE',  ( -0.04000000000000000083, -0.5799999999999999600, -0.2650000000000000133 ) ) ;
#245 = ADVANCED_FACE ( 'NONE', ( #1531 ), #114, .T. ) ;
#246 = DIRECTION ( 'NONE',  ( 1.000000000000000000, 0.000000000000000000, -0.000000000000000000 ) ) ;
#247 = LINE ( 'NONE', #1245, #1145 ) ;
#248 = DIRECTION ( 'NONE',  ( 1.000000000000000000, -0.000000000000000000, 0.000000000000000000 ) ) ;
#249 = ORIENTED_EDGE ( 'NONE', *, *, #1602, .F. ) ;
#250 = CARTESIAN_POINT ( 'NONE',  ( 0.04000000000000000083, -0.5799999999999999600, -0.3850000000000000089 ) ) ;
#251 = ORIENTED_EDGE ( 'NONE', *, *, #843, .T. ) ;
#252 = DIRECTION ( 'NONE',  ( -0.000000000000000000, 0.000000000000000000, -1.000000000000000000 ) ) ;
#253 = CARTESIAN_POINT ( 'NONE',  ( 0.1179999999999999660, -0.1590000000000000024, 0.04400000000000001132 ) ) ;
#254 = DIRECTION ( 'NONE',  ( 0.000000000000000000, 1.000000000000000000, -0.000000000000000000 ) ) ;
#255 = DIMENSIONAL_EXPONENTS ( 1.000000000000000000, 0.000000000000000000, 0.000000000000000000, 0.000000000000000000, 0.000000000000000000, 0.000000000000000000, 0.000000000000000000 ) ;
#256 = ADVANCED_FACE ( 'NONE', ( #1543 ), #1832, .T. ) ;
#257 = ORIENTED_EDGE ( 'NONE', *, *, #992, .T. ) ;
#258 = LINE ( 'NONE', #1497, #505 ) ;
#259 = ORIENTED_EDGE ( 'NONE', *, *, #745, .T. ) ;
#260 = EDGE_CURVE ( 'NONE', #805, #1407, #247, .T. ) ;
#261 = STYLED_ITEM ( 'NONE', ( #1076 ), #1722 ) ;
#262 = CARTESIAN_POINT ( 'NONE',  ( -0.08499999999998998634, -0.5999999999999999778, -0.4550000000000000155 ) ) ;
#263 = STYLED_ITEM ( 'NONE', ( #147 ), #1838 ) ;
#264 = COLOUR_RGB ( '',1.000000000000000000, 0.9372549019607843146, 0.1372549019607843257 ) ;
#265 = ORIENTED_EDGE ( 'NONE', *, *, #447, .F. ) ;
#266 = FILL_AREA_STYLE_COLOUR ( '', #1272 ) ;
#267 = STYLED_ITEM ( 'NONE', ( #1671 ), #256 ) ;
#268 = VECTOR ( 'NONE', #1648, 39.37007874015748143 ) ;
#269 = DIMENSIONAL_EXPONENTS ( 1.000000000000000000, 0.000000000000000000, 0.000000000000000000, 0.000000000000000000, 0.000000000000000000, 0.000000000000000000, 0.000000000000000000 ) ;
#270 = VERTEX_POINT ( 'NONE', #853 ) ;
#271 =( CONVERSION_BASED_UNIT ( 'INCH', #1403 ) LENGTH_UNIT ( ) NAMED_UNIT ( #842 ) );
#272 = CARTESIAN_POINT ( 'NONE',  ( 0.05899999999999999689, -0.2999999999999999889, 0.04399999999999999745 ) ) ;
#273 = CARTESIAN_POINT ( 'NONE',  ( -0.08499999999998998634, -0.5999999999999999778, 0.000000000000000000 ) ) ;
#274 = ORIENTED_EDGE ( 'NONE', *, *, #782, .T. ) ;
#275 = CARTESIAN_POINT ( 'NONE',  ( 0.08500000000000999811, 0.000000000000000000, 0.000000000000000000 ) ) ;
#276 = ORIENTED_EDGE ( 'NONE', *, *, #801, .F. ) ;
#277 = EDGE_CURVE ( 'NONE', #1407, #865, #739, .T. ) ;
#278 = CARTESIAN_POINT ( 'NONE',  ( -0.05999999999999999778, -0.5799999999999999600, -0.1849999999999999978 ) ) ;
#279 = CARTESIAN_POINT ( 'NONE',  ( 0.000000000000000000, -0.04100000000000002254, 0.04399999999999999745 ) ) ;
#280 = DIMENSIONAL_EXPONENTS ( 1.000000000000000000, 0.000000000000000000, 0.000000000000000000, 0.000000000000000000, 0.000000000000000000, 0.000000000000000000, 0.000000000000000000 ) ;
#281 =( NAMED_UNIT ( * ) PLANE_ANGLE_UNIT ( ) SI_UNIT ( $, .RADIAN. ) );
#282 = DIRECTION ( 'NONE',  ( 0.000000000000000000, -0.000000000000000000, -1.000000000000000000 ) ) ;
#283 = UNCERTAINTY_MEASURE_WITH_UNIT (LENGTH_MEASURE( 1.000000000000000082E-05 ), #1089, 'distance_accuracy_value', 'NONE');
#284 = VERTEX_POINT ( 'NONE', #1700 ) ;
#285 = CARTESIAN_POINT ( 'NONE',  ( 0.05999999999999999778, -0.7449999999999999956, -0.2650000000000000688 ) ) ;
#286 = ORIENTED_EDGE ( 'NONE', *, *, #974, .T. ) ;
#287 = DIRECTION ( 'NONE',  ( 0.000000000000000000, -1.000000000000000000, -0.000000000000000000 ) ) ;
#288 = CARTESIAN_POINT ( 'NONE',  ( -0.08499999999998998634, 0.000000000000000000, 0.000000000000000000 ) ) ;
#289 = ADVANCED_FACE ( 'NONE', ( #603 ), #1651, .T. ) ;
#290 = VECTOR ( 'NONE', #930, 39.37007874015748143 ) ;
#291 = CARTESIAN_POINT ( 'NONE',  ( 7.225416114969383331E-18, -0.5589999999999999414, 0.04400000000000001132 ) ) ;
#292 = LINE ( 'NONE', #616, #1063 ) ;
#293 = ORIENTED_EDGE ( 'NONE', *, *, #1404, .F. ) ;
#294 = DIRECTION ( 'NONE',  ( -1.000000000000000000, -0.000000000000000000, 0.000000000000000000 ) ) ;
#295 = COLOUR_RGB ( '',0.2980392156862745057, 0.2980392156862745057, 0.2980392156862745057 ) ;
#296 = VERTEX_POINT ( 'NONE', #1308 ) ;
#297 = CARTESIAN_POINT ( 'NONE',  ( -0.05899999999999999689, -0.1000000000000000056, 0.04399999999999999745 ) ) ;
#298 = SURFACE_STYLE_USAGE ( .BOTH. , #1162 ) ;
#299 = PRESENTATION_STYLE_ASSIGNMENT (( #327 ) ) ;
#300 = EDGE_CURVE ( 'NONE', #1079, #1113, #32, .T. ) ;
#301 =( LENGTH_UNIT ( ) NAMED_UNIT ( * ) SI_UNIT ( $, .METRE. ) );
#302 = VECTOR ( 'NONE', #1006, 39.37007874015748143 ) ;
#303 = ORIENTED_EDGE ( 'NONE', *, *, #1688, .T. ) ;
#304 = ORIENTED_EDGE ( 'NONE', *, *, #234, .F. ) ;
#305 = PLANE ( 'NONE',  #1410 ) ;
#306 = CARTESIAN_POINT ( 'NONE',  ( 0.05999999999999999778, -0.5799999999999999600, 0.000000000000000000 ) ) ;
#307 = VERTEX_POINT ( 'NONE', #1584 ) ;
#308 = SURFACE_SIDE_STYLE ('',( #626 ) ) ;
#309 = COLOUR_RGB ( '',0.2980392156862745057, 0.2980392156862745057, 0.2980392156862745057 ) ;
#310 = ORIENTED_EDGE ( 'NONE', *, *, #65, .T. ) ;
#311 = FILL_AREA_STYLE ('',( #902 ) ) ;
#312 = ADVANCED_FACE ( 'NONE', ( #886 ), #140, .T. ) ;
#313 = FACE_OUTER_BOUND ( 'NONE', #344, .T. ) ;
#314 = DIRECTION ( 'NONE',  ( 0.000000000000000000, 0.000000000000000000, 1.000000000000000000 ) ) ;
#315 = EDGE_CURVE ( 'NONE', #1147, #656, #292, .T. ) ;
#316 = ADVANCED_FACE ( 'NONE', ( #1165, #719, #583, #1733 ), #469, .T. ) ;
#317 = CARTESIAN_POINT ( 'NONE',  ( 0.04000000000000000083, -0.5799999999999999600, -0.1849999999999999978 ) ) ;
#318 = CARTESIAN_POINT ( 'NONE',  ( 0.1179999999999999660, -0.3590000000000000413, 0.2799999999999998601 ) ) ;
#319 = ORIENTED_EDGE ( 'NONE', *, *, #1788, .T. ) ;
#320 = VECTOR ( 'NONE', #1223, 39.37007874015748143 ) ;
#321 = AXIS2_PLACEMENT_3D ( 'NONE', #177, #615, #903 ) ;
#322 = ORIENTED_EDGE ( 'NONE', *, *, #72, .T. ) ;
#323 = DIRECTION ( 'NONE',  ( -0.000000000000000000, 0.000000000000000000, -1.000000000000000000 ) ) ;
#324 = COLOUR_RGB ( '',0.6941176470588235059, 0.09803921568627450844, 0.09803921568627450844 ) ;
#325 = PLANE ( 'NONE',  #230 ) ;
#326 = CARTESIAN_POINT ( 'NONE',  ( -0.05999999999999999778, -0.5799999999999999600, -0.3649999999999999911 ) ) ;
#327 = SURFACE_STYLE_USAGE ( .BOTH. , #726 ) ;
#328 = SURFACE_STYLE_FILL_AREA ( #1595 ) ;
#329 = ORIENTED_EDGE ( 'NONE', *, *, #610, .F. ) ;
#330 = DIRECTION ( 'NONE',  ( 0.000000000000000000, 0.000000000000000000, 1.000000000000000000 ) ) ;
#331 = VECTOR ( 'NONE', #187, 39.37007874015748143 ) ;
#332 = CARTESIAN_POINT ( 'NONE',  ( -0.05999999999999999778, -0.5799999999999999600, -0.2650000000000000133 ) ) ;
#333 = VECTOR ( 'NONE', #358, 39.37007874015748143 ) ;
#334 = DIRECTION ( 'NONE',  ( 0.000000000000000000, 0.000000000000000000, 1.000000000000000000 ) ) ;
#335 = EDGE_CURVE ( 'NONE', #977, #1554, #1184, .T. ) ;
#336 = CARTESIAN_POINT ( 'NONE',  ( 0.04000000000000000083, -0.5799999999999999600, -0.1849999999999999978 ) ) ;
#337 = CARTESIAN_POINT ( 'NONE',  ( 0.000000000000000000, -0.2999999999999999889, -0.005150000000000000064 ) ) ;
#338 = SURFACE_STYLE_USAGE ( .BOTH. , #1077 ) ;
#339 = ORIENTED_EDGE ( 'NONE', *, *, #1825, .F. ) ;
#340 = LINE ( 'NONE', #1608, #617 ) ;
#341 = DIRECTION ( 'NONE',  ( -0.000000000000000000, 0.000000000000000000, -1.000000000000000000 ) ) ;
#342 = CARTESIAN_POINT ( 'NONE',  ( 0.05899999999999999689, -0.1000000000000000056, 0.04399999999999999745 ) ) ;
#343 = FILL_AREA_STYLE ('',( #493 ) ) ;
#344 = EDGE_LOOP ( 'NONE', ( #1577, #242, #681, #688 ) ) ;
#345 = CARTESIAN_POINT ( 'NONE',  ( -0.05999999999999999778, -0.7449999999999999956, -0.2849999999999999756 ) ) ;
#346 = LINE ( 'NONE', #1643, #658 ) ;
#347 = ORIENTED_EDGE ( 'NONE', *, *, #382, .F. ) ;
#348 = PRESENTATION_STYLE_ASSIGNMENT (( #1762 ) ) ;
#349 = COLOUR_RGB ( '',0.2980392156862745057, 0.2980392156862745057, 0.2980392156862745057 ) ;
#350 = ORIENTED_EDGE ( 'NONE', *, *, #96, .T. ) ;
#351 = LINE ( 'NONE', #1024, #119 ) ;
#352 = CARTESIAN_POINT ( 'NONE',  ( 0.000000000000000000, -0.7449999999999999956, -0.2000000000000000111 ) ) ;
#353 = SURFACE_STYLE_FILL_AREA ( #343 ) ;
#354 = DIRECTION ( 'NONE',  ( 0.000000000000000000, 0.000000000000000000, 1.000000000000000000 ) ) ;
#355 = ADVANCED_FACE ( 'NONE', ( #643 ), #1345, .T. ) ;
#356 = ORIENTED_EDGE ( 'NONE', *, *, #33, .F. ) ;
#357 = FACE_OUTER_BOUND ( 'NONE', #1231, .T. ) ;
#358 = DIRECTION ( 'NONE',  ( 1.000000000000000000, -0.000000000000000000, 0.000000000000000000 ) ) ;
#359 = EDGE_CURVE ( 'NONE', #714, #584, #787, .T. ) ;
#360 = VECTOR ( 'NONE', #376, 39.37007874015748143 ) ;
#361 = VERTEX_POINT ( 'NONE', #1642 ) ;
#362 = PLANE ( 'NONE',  #1847 ) ;
#363 = FILL_AREA_STYLE_COLOUR ( '', #324 ) ;
#364 = DIRECTION ( 'NONE',  ( 0.000000000000000000, 0.000000000000000000, 1.000000000000000000 ) ) ;
#365 = VECTOR ( 'NONE', #176, 39.37007874015748143 ) ;
#366 = FACE_OUTER_BOUND ( 'NONE', #879, .T. ) ;
#367 = VERTEX_POINT ( 'NONE', #231 ) ;
#368 = FILL_AREA_STYLE_COLOUR ( '', #125 ) ;
#369 = LINE ( 'NONE', #938, #1803 ) ;
#370 = EDGE_CURVE ( 'NONE', #1692, #748, #803, .T. ) ;
#371 = DIRECTION ( 'NONE',  ( 0.000000000000000000, -0.000000000000000000, -1.000000000000000000 ) ) ;
#372 = EDGE_CURVE ( 'NONE', #1549, #1391, #1356, .T. ) ;
#373 = PLANE ( 'NONE',  #1515 ) ;
#374 = DIRECTION ( 'NONE',  ( -0.000000000000000000, -0.000000000000000000, -1.000000000000000000 ) ) ;
#375 = CARTESIAN_POINT ( 'NONE',  ( 0.000000000000000000, -0.7449999999999999956, -0.2849999999999999756 ) ) ;
#376 = DIRECTION ( 'NONE',  ( -0.000000000000000000, 0.000000000000000000, -1.000000000000000000 ) ) ;
#377 = EDGE_LOOP ( 'NONE', ( #1616, #236 ) ) ;
#378 = SURFACE_SIDE_STYLE ('',( #793 ) ) ;
#379 = DIRECTION ( 'NONE',  ( 1.000000000000000000, -0.000000000000000000, 0.000000000000000000 ) ) ;
#380 = EDGE_LOOP ( 'NONE', ( #1280, #462, #1749, #1102 ) ) ;
#381 = CARTESIAN_POINT ( 'NONE',  ( 0.000000000000000000, -0.5000000000000000000, 0.04399999999999999745 ) ) ;
#382 = EDGE_CURVE ( 'NONE', #756, #61, #1042, .T. ) ;
#383 = COLOUR_RGB ( '',0.2862745098039215508, 0.6627450980392156632, 0.3294117647058823484 ) ;
#384 = AXIS2_PLACEMENT_3D ( 'NONE', #682, #1402, #385 ) ;
#385 = DIRECTION ( 'NONE',  ( 1.000000000000000000, 0.000000000000000000, 0.000000000000000000 ) ) ;
#386 = CARTESIAN_POINT ( 'NONE',  ( 0.000000000000000000, -0.2999999999999999889, -0.005150000000000000064 ) ) ;
#387 = VECTOR ( 'NONE', #458, 39.37007874015748143 ) ;
#388 = PLANE ( 'NONE',  #1009 ) ;
#389 = CARTESIAN_POINT ( 'NONE',  ( -0.05999999999999999778, -0.5799999999999999600, -0.3649999999999999911 ) ) ;
#390 = VERTEX_POINT ( 'NONE', #237 ) ;
#391 =( NAMED_UNIT ( * ) SI_UNIT ( $, .STERADIAN. ) SOLID_ANGLE_UNIT ( ) );
#392 = ORIENTED_EDGE ( 'NONE', *, *, #1537, .F. ) ;
#393 =( GEOMETRIC_REPRESENTATION_CONTEXT ( 3 ) GLOBAL_UNCERTAINTY_ASSIGNED_CONTEXT ( ( #1444 ) ) GLOBAL_UNIT_ASSIGNED_CONTEXT ( ( #1185, #1759, #1196 ) ) REPRESENTATION_CONTEXT ( 'NONE', 'WORKASPACE' ) );
#394 = FACE_OUTER_BOUND ( 'NONE', #1177, .T. ) ;
#395 = ADVANCED_FACE ( 'NONE', ( #1473 ), #86, .F. ) ;
#396 = SURFACE_STYLE_FILL_AREA ( #487 ) ;
#397 = CARTESIAN_POINT ( 'NONE',  ( -0.1179999999999999799, -0.5589999999999999414, 0.04399999999999998357 ) ) ;
#398 = PLANE ( 'NONE',  #166 ) ;
#399 = PRESENTATION_STYLE_ASSIGNMENT (( #537 ) ) ;
#400 = ORIENTED_EDGE ( 'NONE', *, *, #16, .F. ) ;
#401 = CARTESIAN_POINT ( 'NONE',  ( -0.06500000000000000222, -0.5799999999999999600, 0.000000000000000000 ) ) ;
#402 = ORIENTED_EDGE ( 'NONE', *, *, #896, .T. ) ;
#403 = FACE_OUTER_BOUND ( 'NONE', #1428, .T. ) ;
#404 = CARTESIAN_POINT ( 'NONE',  ( 0.000000000000000000, 0.000000000000000000, -0.4550000000000000155 ) ) ;
#405 =( LENGTH_UNIT ( ) NAMED_UNIT ( * ) SI_UNIT ( $, .METRE. ) );
#406 = ORIENTED_EDGE ( 'NONE', *, *, #1537, .T. ) ;
#407 = FACE_OUTER_BOUND ( 'NONE', #604, .T. ) ;
#408 = VERTEX_POINT ( 'NONE', #1080 ) ;
#409 = CARTESIAN_POINT ( 'NONE',  ( 0.000000000000000000, -0.1000000000000000056, 0.04399999999999999745 ) ) ;
#410 = CARTESIAN_POINT ( 'NONE',  ( 0.1179999999999999660, -0.04100000000000002254, 0.04400000000000001132 ) ) ;
#411 = DIMENSIONAL_EXPONENTS ( 1.000000000000000000, 0.000000000000000000, 0.000000000000000000, 0.000000000000000000, 0.000000000000000000, 0.000000000000000000, 0.000000000000000000 ) ;
#412 = VECTOR ( 'NONE', #196, 39.37007874015748143 ) ;
#413 = CARTESIAN_POINT ( 'NONE',  ( 0.1179999999999999799, -0.4410000000000000031, 0.04400000000000001132 ) ) ;
#414 = CARTESIAN_POINT ( 'NONE',  ( -0.04000000000000000083, -0.7449999999999999956, -0.2650000000000000133 ) ) ;
#415 = VECTOR ( 'NONE', #461, 39.37007874015748143 ) ;
#416 = EDGE_CURVE ( 'NONE', #270, #528, #1322, .T. ) ;
#417 = VERTEX_POINT ( 'NONE', #52 ) ;
#418 = CARTESIAN_POINT ( 'NONE',  ( -0.05999999999999999778, -0.5799999999999999600, -0.2849999999999999756 ) ) ;
#419 = ORIENTED_EDGE ( 'NONE', *, *, #109, .F. ) ;
#420 = ADVANCED_FACE ( 'NONE', ( #498 ), #657, .T. ) ;
#421 = CYLINDRICAL_SURFACE ( 'NONE', #384, 0.05899999999999999689 ) ;
#422 = CARTESIAN_POINT ( 'NONE',  ( -0.1179999999999999660, -0.1590000000000000024, 0.04399999999999998357 ) ) ;
#423 = AXIS2_PLACEMENT_3D ( 'NONE', #58, #1500, #945 ) ;
#424 = DIRECTION ( 'NONE',  ( -1.000000000000000000, -0.000000000000000000, 0.000000000000000000 ) ) ;
#425 = VECTOR ( 'NONE', #788, 39.37007874015748143 ) ;
#426 = DIRECTION ( 'NONE',  ( 0.000000000000000000, 0.000000000000000000, 1.000000000000000000 ) ) ;
#427 = VERTEX_POINT ( 'NONE', #1071 ) ;
#428 = CARTESIAN_POINT ( 'NONE',  ( 0.06500000000000000222, -0.5999999999999999778, 0.000000000000000000 ) ) ;
#429 = ORIENTED_EDGE ( 'NONE', *, *, #1631, .F. ) ;
#430 = DIRECTION ( 'NONE',  ( 0.000000000000000000, 0.000000000000000000, 1.000000000000000000 ) ) ;
#431 = PRESENTATION_STYLE_ASSIGNMENT (( #1175 ) ) ;
#432 = UNCERTAINTY_MEASURE_WITH_UNIT (LENGTH_MEASURE( 1.000000000000000082E-05 ), #561, 'distance_accuracy_value', 'NONE');
#433 = ORIENTED_EDGE ( 'NONE', *, *, #1823, .F. ) ;
#434 = CARTESIAN_POINT ( 'NONE',  ( 0.05999999999999999778, -0.5799999999999999600, 0.000000000000000000 ) ) ;
#435 = ORIENTED_EDGE ( 'NONE', *, *, #1485, .T. ) ;
#436 = ADVANCED_FACE ( 'NONE', ( #204 ), #1339, .F. ) ;
#437 = DIRECTION ( 'NONE',  ( -1.000000000000000000, -0.000000000000000000, 0.000000000000000000 ) ) ;
#438 = FACE_OUTER_BOUND ( 'NONE', #158, .T. ) ;
#439 = LINE ( 'NONE', #306, #1090 ) ;
#440 = VECTOR ( 'NONE', #735, 39.37007874015748143 ) ;
#441 = ORIENTED_EDGE ( 'NONE', *, *, #1632, .F. ) ;
#442 = FILL_AREA_STYLE ('',( #266 ) ) ;
#443 = VERTEX_POINT ( 'NONE', #1212 ) ;
#444 =( GEOMETRIC_REPRESENTATION_CONTEXT ( 3 ) GLOBAL_UNCERTAINTY_ASSIGNED_CONTEXT ( ( #564 ) ) GLOBAL_UNIT_ASSIGNED_CONTEXT ( ( #1097, #95, #834 ) ) REPRESENTATION_CONTEXT ( 'NONE', 'WORKASPACE' ) );
#445 = CARTESIAN_POINT ( 'NONE',  ( 0.06500000000000000222, -0.5799999999999999600, 0.000000000000000000 ) ) ;
#446 = FILL_AREA_STYLE_COLOUR ( '', #1836 ) ;
#447 = EDGE_CURVE ( 'NONE', #920, #270, #484, .T. ) ;
#448 =( NAMED_UNIT ( * ) SI_UNIT ( $, .STERADIAN. ) SOLID_ANGLE_UNIT ( ) );
#449 = UNCERTAINTY_MEASURE_WITH_UNIT (LENGTH_MEASURE( 1.000000000000000082E-05 ), #875, 'distance_accuracy_value', 'NONE');
#450 = VECTOR ( 'NONE', #202, 39.37007874015748143 ) ;
#451 = ORIENTED_EDGE ( 'NONE', *, *, #1632, .T. ) ;
#452 = CARTESIAN_POINT ( 'NONE',  ( 0.000000000000000000, -0.5000000000000000000, 0.000000000000000000 ) ) ;
#453 = EDGE_CURVE ( 'NONE', #1502, #367, #47, .T. ) ;
#454 = ORIENTED_EDGE ( 'NONE', *, *, #1074, .T. ) ;
#455 =( NAMED_UNIT ( * ) SI_UNIT ( $, .STERADIAN. ) SOLID_ANGLE_UNIT ( ) );
#456 = STYLED_ITEM ( 'NONE', ( #54 ), #1025 ) ;
#457 = EDGE_CURVE ( 'NONE', #150, #127, #1633, .T. ) ;
#458 = DIRECTION ( 'NONE',  ( -0.000000000000000000, -0.000000000000000000, -1.000000000000000000 ) ) ;
#459 = CARTESIAN_POINT ( 'NONE',  ( -0.05999999999999999778, -0.5799999999999999600, -0.1849999999999999978 ) ) ;
#460 = DIRECTION ( 'NONE',  ( -0.000000000000000000, 0.000000000000000000, -1.000000000000000000 ) ) ;
#461 = DIRECTION ( 'NONE',  ( -1.000000000000000000, -0.000000000000000000, 0.000000000000000000 ) ) ;
#462 = ORIENTED_EDGE ( 'NONE', *, *, #1369, .F. ) ;
#463 =( GEOMETRIC_REPRESENTATION_CONTEXT ( 3 ) GLOBAL_UNCERTAINTY_ASSIGNED_CONTEXT ( ( #728 ) ) GLOBAL_UNIT_ASSIGNED_CONTEXT ( ( #513, #1318, #908 ) ) REPRESENTATION_CONTEXT ( 'NONE', 'WORKASPACE' ) );
#464 = EDGE_LOOP ( 'NONE', ( #21, #310, #792, #1100 ) ) ;
#465 = CARTESIAN_POINT ( 'NONE',  ( 0.05999999999999999778, -0.7449999999999999956, -0.1650000000000000078 ) ) ;
#466 = DIRECTION ( 'NONE',  ( 0.000000000000000000, 0.000000000000000000, 1.000000000000000000 ) ) ;
#467 = DIRECTION ( 'NONE',  ( 0.000000000000000000, -1.000000000000000000, -0.000000000000000000 ) ) ;
#468 = CYLINDRICAL_SURFACE ( 'NONE', #1001, 0.05899999999999999689 ) ;
#469 = PLANE ( 'NONE',  #890 ) ;
#470 = VECTOR ( 'NONE', #379, 39.37007874015748143 ) ;
#471 = AXIS2_PLACEMENT_3D ( 'NONE', #1112, #1677, #1453 ) ;
#472 = EDGE_LOOP ( 'NONE', ( #1264, #182, #1464, #1013 ) ) ;
#473 = ADVANCED_FACE ( 'NONE', ( #1784 ), #373, .F. ) ;
#474 = VECTOR ( 'NONE', #430, 39.37007874015748143 ) ;
#475 = PLANE ( 'NONE',  #1235 ) ;
#476 = CARTESIAN_POINT ( 'NONE',  ( -0.08499999999998998634, 0.000000000000000000, 0.000000000000000000 ) ) ;
#477 = VECTOR ( 'NONE', #1850, 39.37007874015748143 ) ;
#478 = CARTESIAN_POINT ( 'NONE',  ( 0.08500000000000999811, 0.000000000000000000, 0.000000000000000000 ) ) ;
#479 =( CONVERSION_BASED_UNIT ( 'INCH', #31 ) LENGTH_UNIT ( ) NAMED_UNIT ( #696 ) );
#480 =( LENGTH_UNIT ( ) NAMED_UNIT ( * ) SI_UNIT ( $, .METRE. ) );
#481 = EDGE_LOOP ( 'NONE', ( #25, #1536, #1732, #817 ) ) ;
#482 = VECTOR ( 'NONE', #1673, 39.37007874015748143 ) ;
#483 = CARTESIAN_POINT ( 'NONE',  ( 0.000000000000000000, -0.5000000000000000000, 0.04399999999999999745 ) ) ;
#484 = CIRCLE ( 'NONE', #575, 0.05899999999999999689 ) ;
#485 = CARTESIAN_POINT ( 'NONE',  ( 0.000000000000000000, -0.7449999999999999956, -0.1650000000000000078 ) ) ;
#486 = DIRECTION ( 'NONE',  ( 1.000000000000000000, 0.000000000000000000, 0.000000000000000000 ) ) ;
#487 = FILL_AREA_STYLE ('',( #363 ) ) ;
#488 =( NAMED_UNIT ( * ) SI_UNIT ( $, .STERADIAN. ) SOLID_ANGLE_UNIT ( ) );
#489 = LINE ( 'NONE', #783, #450 ) ;
#490 = ORIENTED_EDGE ( 'NONE', *, *, #44, .F. ) ;
#491 = VERTEX_POINT ( 'NONE', #1621 ) ;
#492 = CARTESIAN_POINT ( 'NONE',  ( 0.04000000000000000083, -0.7449999999999999956, -0.2000000000000000111 ) ) ;
#493 = FILL_AREA_STYLE_COLOUR ( '', #349 ) ;
#494 =( LENGTH_UNIT ( ) NAMED_UNIT ( * ) SI_UNIT ( $, .METRE. ) );
#495 = DIRECTION ( 'NONE',  ( -1.000000000000000000, 0.000000000000000000, -0.000000000000000000 ) ) ;
#496 = ORIENTED_EDGE ( 'NONE', *, *, #315, .F. ) ;
#497 = ADVANCED_FACE ( 'NONE', ( #1049 ), #1182, .T. ) ;
#498 = FACE_OUTER_BOUND ( 'NONE', #1277, .T. ) ;
#499 = DIRECTION ( 'NONE',  ( -0.000000000000000000, -0.000000000000000000, -1.000000000000000000 ) ) ;
#500 = DIRECTION ( 'NONE',  ( 0.000000000000000000, -0.000000000000000000, 1.000000000000000000 ) ) ;
#501 = AXIS2_PLACEMENT_3D ( 'NONE', #1461, #1478, #209 ) ;
#502 = DIRECTION ( 'NONE',  ( 0.000000000000000000, 0.000000000000000000, 1.000000000000000000 ) ) ;
#503 = SURFACE_SIDE_STYLE ('',( #353 ) ) ;
#504 = MECHANICAL_DESIGN_GEOMETRIC_PRESENTATION_REPRESENTATION (  '', ( #267 ), #923 ) ;
#505 = VECTOR ( 'NONE', #371, 39.37007874015748143 ) ;
#506 = LINE ( 'NONE', #1636, #1237 ) ;
#507 = ORIENTED_EDGE ( 'NONE', *, *, #234, .T. ) ;
#508 = CARTESIAN_POINT ( 'NONE',  ( -0.04000000000000000083, -0.7449999999999999956, -0.2650000000000000688 ) ) ;
#509 = DIRECTION ( 'NONE',  ( -0.000000000000000000, -1.000000000000000000, 0.000000000000000000 ) ) ;
#510 = ADVANCED_FACE ( 'NONE', ( #1477 ), #362, .F. ) ;
#511 = DIRECTION ( 'NONE',  ( -1.000000000000000000, 0.000000000000000000, 0.000000000000000000 ) ) ;
#512 = LINE ( 'NONE', #642, #954 ) ;
#513 =( CONVERSION_BASED_UNIT ( 'INCH', #48 ) LENGTH_UNIT ( ) NAMED_UNIT ( #411 ) );
#514 = PLANE ( 'NONE',  #207 ) ;
#515 = EDGE_LOOP ( 'NONE', ( #856, #1727, #106, #1455, #1588 ) ) ;
#516 = FILL_AREA_STYLE_COLOUR ( '', #309 ) ;
#517 =( BOUNDED_SURFACE ( )  B_SPLINE_SURFACE ( 3, 3, ( 
 ( #863, #1841, #973, #1699 ),
 ( #1805, #995, #1670, #413 ),
 ( #397, #982, #1558, #1689 ),
 ( #1542, #1662, #291, #1387 ) ),
 .UNSPECIFIED., .F., .F., .F. ) 
 B_SPLINE_SURFACE_WITH_KNOTS ( ( 4, 4 ),
 ( 4, 4 ),
 ( 0.000000000000000000, 1.000000000000000000 ),
 ( 0.000000000000000000, 1.000000000000000000 ),
 .UNSPECIFIED. ) 
 GEOMETRIC_REPRESENTATION_ITEM ( )  RATIONAL_B_SPLINE_SURFACE ( (
 ( 1.000000000000000000, 0.3333333333333334259, 0.3333333333333334259, 1.000000000000000000),
 ( 0.3333333333333333703, 0.1111111111111111605, 0.1111111111111111605, 0.3333333333333333703),
 ( 0.3333333333333333703, 0.1111111111111111605, 0.1111111111111111605, 0.3333333333333333703),
 ( 1.000000000000000000, 0.3333333333333334259, 0.3333333333333334259, 1.000000000000000000) ) ) 
 REPRESENTATION_ITEM ( '' )  SURFACE ( )  );
#518 = APPLICATION_CONTEXT ( 'automotive_design' ) ;
#519 = FACE_OUTER_BOUND ( 'NONE', #578, .T. ) ;
#520 = ORIENTED_EDGE ( 'NONE', *, *, #1548, .F. ) ;
#521 = DIRECTION ( 'NONE',  ( 0.000000000000000000, 0.000000000000000000, 1.000000000000000000 ) ) ;
#522 = DIRECTION ( 'NONE',  ( -0.000000000000000000, -1.000000000000000000, 0.000000000000000000 ) ) ;
#523 = LENGTH_MEASURE_WITH_UNIT ( LENGTH_MEASURE( 0.02539999999999999897 ), #1306 );
#524 = DIRECTION ( 'NONE',  ( 0.000000000000000000, 1.000000000000000000, 0.000000000000000000 ) ) ;
#525 = ORIENTED_EDGE ( 'NONE', *, *, #782, .F. ) ;
#526 = DIRECTION ( 'NONE',  ( 0.000000000000000000, 0.000000000000000000, 1.000000000000000000 ) ) ;
#527 = CARTESIAN_POINT ( 'NONE',  ( -0.05999999999999999778, -0.5799999999999999600, -0.1650000000000000078 ) ) ;
#528 = VERTEX_POINT ( 'NONE', #342 ) ;
#529 = EDGE_CURVE ( 'NONE', #570, #1302, #1468, .T. ) ;
#530 = VECTOR ( 'NONE', #1228, 39.37007874015748143 ) ;
#531 = CIRCLE ( 'NONE', #1172, 0.05899999999999999689 ) ;
#532 = DIMENSIONAL_EXPONENTS ( 1.000000000000000000, 0.000000000000000000, 0.000000000000000000, 0.000000000000000000, 0.000000000000000000, 0.000000000000000000, 0.000000000000000000 ) ;
#533 = VERTEX_POINT ( 'NONE', #1325 ) ;
#534 = CARTESIAN_POINT ( 'NONE',  ( 0.05999999999999999778, -0.5799999999999999600, -0.3850000000000000089 ) ) ;
#535 = FACE_BOUND ( 'NONE', #775, .T. ) ;
#536 = LINE ( 'NONE', #822, #1315 ) ;
#537 = SURFACE_STYLE_USAGE ( .BOTH. , #1806 ) ;
#538 = VERTEX_POINT ( 'NONE', #1075 ) ;
#539 = DIRECTION ( 'NONE',  ( 0.000000000000000000, 0.000000000000000000, -1.000000000000000000 ) ) ;
#540 = ORIENTED_EDGE ( 'NONE', *, *, #1085, .T. ) ;
#541 =( LENGTH_UNIT ( ) NAMED_UNIT ( * ) SI_UNIT ( $, .METRE. ) );
#542 = PLANE ( 'NONE',  #829 ) ;
#543 = DIMENSIONAL_EXPONENTS ( 1.000000000000000000, 0.000000000000000000, 0.000000000000000000, 0.000000000000000000, 0.000000000000000000, 0.000000000000000000, 0.000000000000000000 ) ;
#544 = SURFACE_STYLE_FILL_AREA ( #1120 ) ;
#545 = ORIENTED_EDGE ( 'NONE', *, *, #689, .F. ) ;
#546 = DIRECTION ( 'NONE',  ( 1.000000000000000000, 0.000000000000000000, -0.000000000000000000 ) ) ;
#547 = VERTEX_POINT ( 'NONE', #1766 ) ;
#548 = CARTESIAN_POINT ( 'NONE',  ( 0.000000000000000000, -0.7449999999999999956, -0.3649999999999999911 ) ) ;
#549 = CARTESIAN_POINT ( 'NONE',  ( 0.1179999999999999521, -0.1590000000000000024, 0.2799999999999998601 ) ) ;
#550 = ADVANCED_FACE ( 'NONE', ( #1487 ), #914, .F. ) ;
#551 = STYLED_ITEM ( 'NONE', ( #1797 ), #420 ) ;
#552 = PLANE ( 'NONE',  #471 ) ;
#553 = DIRECTION ( 'NONE',  ( 0.000000000000000000, 0.000000000000000000, 1.000000000000000000 ) ) ;
#554 = EDGE_CURVE ( 'NONE', #1434, #977, #217, .T. ) ;
#555 = ORIENTED_EDGE ( 'NONE', *, *, #1202, .T. ) ;
#556 = CARTESIAN_POINT ( 'NONE',  ( 0.05999999999999999778, -0.5799999999999999600, -0.2849999999999999756 ) ) ;
#557 = ORIENTED_EDGE ( 'NONE', *, *, #1296, .F. ) ;
#558 = VECTOR ( 'NONE', #424, 39.37007874015748143 ) ;
#559 = VECTOR ( 'NONE', #1103, 39.37007874015748143 ) ;
#560 = VECTOR ( 'NONE', #1704, 39.37007874015748143 ) ;
#561 =( CONVERSION_BASED_UNIT ( 'INCH', #574 ) LENGTH_UNIT ( ) NAMED_UNIT ( #269 ) );
#562 = VECTOR ( 'NONE', #734, 39.37007874015748143 ) ;
#563 = LINE ( 'NONE', #1377, #1628 ) ;
#564 = UNCERTAINTY_MEASURE_WITH_UNIT (LENGTH_MEASURE( 1.000000000000000082E-05 ), #1097, 'distance_accuracy_value', 'NONE');
#565 = ADVANCED_FACE ( 'NONE', ( #1194 ), #55, .F. ) ;
#566 = ORIENTED_EDGE ( 'NONE', *, *, #1416, .T. ) ;
#567 = LINE ( 'NONE', #275, #1098 ) ;
#568 = EDGE_CURVE ( 'NONE', #1139, #417, #1316, .T. ) ;
#569 = DIMENSIONAL_EXPONENTS ( 1.000000000000000000, 0.000000000000000000, 0.000000000000000000, 0.000000000000000000, 0.000000000000000000, 0.000000000000000000, 0.000000000000000000 ) ;
#570 = VERTEX_POINT ( 'NONE', #652 ) ;
#571 = DIRECTION ( 'NONE',  ( -1.000000000000000000, -0.000000000000000000, 0.000000000000000000 ) ) ;
#572 =( NAMED_UNIT ( * ) PLANE_ANGLE_UNIT ( ) SI_UNIT ( $, .RADIAN. ) );
#573 = VECTOR ( 'NONE', #687, 39.37007874015748143 ) ;
#574 = LENGTH_MEASURE_WITH_UNIT ( LENGTH_MEASURE( 0.02539999999999999897 ), #1830 );
#575 = AXIS2_PLACEMENT_3D ( 'NONE', #760, #64, #486 ) ;
#576 = DIRECTION ( 'NONE',  ( -0.000000000000000000, -0.000000000000000000, -1.000000000000000000 ) ) ;
#577 = VECTOR ( 'NONE', #500, 39.37007874015748143 ) ;
#578 = EDGE_LOOP ( 'NONE', ( #1752, #525, #1686, #669 ) ) ;
#579 = EDGE_CURVE ( 'NONE', #1389, #51, #1641, .T. ) ;
#580 = EDGE_LOOP ( 'NONE', ( #240, #849, #213, #1527 ) ) ;
#581 = DIRECTION ( 'NONE',  ( -1.000000000000000000, 0.000000000000000000, -0.000000000000000000 ) ) ;
#582 = CARTESIAN_POINT ( 'NONE',  ( 0.06500000000000000222, -0.5799999999999999600, 0.000000000000000000 ) ) ;
#583 = FACE_BOUND ( 'NONE', #377, .T. ) ;
#584 = VERTEX_POINT ( 'NONE', #228 ) ;
#585 = DIRECTION ( 'NONE',  ( -0.000000000000000000, 1.000000000000000000, 0.000000000000000000 ) ) ;
#586 = ORIENTED_EDGE ( 'NONE', *, *, #837, .T. ) ;
#587 = DIRECTION ( 'NONE',  ( 1.000000000000000000, 0.000000000000000000, 0.000000000000000000 ) ) ;
#588 = EDGE_CURVE ( 'NONE', #729, #627, #800, .T. ) ;
#589 = DIRECTION ( 'NONE',  ( 0.000000000000000000, 0.000000000000000000, 1.000000000000000000 ) ) ;
#590 = LINE ( 'NONE', #609, #1831 ) ;
#591 = PRESENTATION_LAYER_ASSIGNMENT (  '', '', ( #948 ) ) ;
#592 =( NAMED_UNIT ( * ) PLANE_ANGLE_UNIT ( ) SI_UNIT ( $, .RADIAN. ) );
#593 = EDGE_LOOP ( 'NONE', ( #1297, #660, #987, #203 ) ) ;
#594 = EDGE_CURVE ( 'NONE', #1302, #533, #1355, .T. ) ;
#595 = ORIENTED_EDGE ( 'NONE', *, *, #1178, .T. ) ;
#596 =( LENGTH_UNIT ( ) NAMED_UNIT ( * ) SI_UNIT ( $, .METRE. ) );
#597 = AXIS2_PLACEMENT_3D ( 'NONE', #1443, #170, #24 ) ;
#598 = ORIENTED_EDGE ( 'NONE', *, *, #1825, .T. ) ;
#599 = COLOUR_RGB ( '',0.2980392156862745057, 0.2980392156862745057, 0.2980392156862745057 ) ;
#600 = LINE ( 'NONE', #881, #621 ) ;
#601 = DIRECTION ( 'NONE',  ( -1.000000000000000000, -0.000000000000000000, -0.000000000000000000 ) ) ;
#602 = DIRECTION ( 'NONE',  ( 1.000000000000000000, 0.000000000000000000, 0.000000000000000000 ) ) ;
#603 = FACE_OUTER_BOUND ( 'NONE', #1229, .T. ) ;
#604 = EDGE_LOOP ( 'NONE', ( #1257, #53, #586, #1240, #1568 ) ) ;
#605 = ORIENTED_EDGE ( 'NONE', *, *, #1800, .F. ) ;
#606 = FACE_OUTER_BOUND ( 'NONE', #937, .T. ) ;
#607 = DIRECTION ( 'NONE',  ( 0.000000000000000000, 0.000000000000000000, -1.000000000000000000 ) ) ;
#608 = LINE ( 'NONE', #1573, #562 ) ;
#609 = CARTESIAN_POINT ( 'NONE',  ( 0.000000000000000000, -0.7449999999999999956, -0.3649999999999999911 ) ) ;
#610 = EDGE_CURVE ( 'NONE', #627, #127, #78, .T. ) ;
#611 = DIRECTION ( 'NONE',  ( 0.000000000000000000, 1.000000000000000000, -0.000000000000000000 ) ) ;
#612 = ORIENTED_EDGE ( 'NONE', *, *, #919, .T. ) ;
#613 = EDGE_LOOP ( 'NONE', ( #1703, #1283, #991, #1310 ) ) ;
#614 = LINE ( 'NONE', #880, #1720 ) ;
#615 = DIRECTION ( 'NONE',  ( 0.000000000000000000, 0.000000000000000000, 1.000000000000000000 ) ) ;
#616 = CARTESIAN_POINT ( 'NONE',  ( -0.04000000000000000083, -0.5799999999999999600, -0.3649999999999999911 ) ) ;
#617 = VECTOR ( 'NONE', #1639, 39.37007874015748143 ) ;
#618 = AXIS2_PLACEMENT_3D ( 'NONE', #1551, #1523, #675 ) ;
#619 = EDGE_LOOP ( 'NONE', ( #557, #622, #1167, #1519, #329, #520, #1815, #1337 ) ) ;
#620 = EDGE_CURVE ( 'NONE', #307, #1502, #971, .T. ) ;
#621 = VECTOR ( 'NONE', #466, 39.37007874015748143 ) ;
#622 = ORIENTED_EDGE ( 'NONE', *, *, #96, .F. ) ;
#623 = MECHANICAL_DESIGN_GEOMETRIC_PRESENTATION_REPRESENTATION (  '', ( #261 ), #1321 ) ;
#624 = LENGTH_MEASURE_WITH_UNIT ( LENGTH_MEASURE( 0.02539999999999999897 ), #1459 );
#625 = DIRECTION ( 'NONE',  ( -1.000000000000000000, 0.000000000000000000, -0.000000000000000000 ) ) ;
#626 = SURFACE_STYLE_FILL_AREA ( #1683 ) ;
#627 = VERTEX_POINT ( 'NONE', #92 ) ;
#628 = EDGE_CURVE ( 'NONE', #152, #765, #839, .T. ) ;
#629 = ORIENTED_EDGE ( 'NONE', *, *, #640, .T. ) ;
#630 =( CONVERSION_BASED_UNIT ( 'INCH', #912 ) LENGTH_UNIT ( ) NAMED_UNIT ( #1386 ) );
#631 = CARTESIAN_POINT ( 'NONE',  ( 0.06500000000000000222, -0.5999999999999999778, 0.000000000000000000 ) ) ;
#632 = LINE ( 'NONE', #789, #6 ) ;
#633 = SURFACE_STYLE_USAGE ( .BOTH. , #308 ) ;
#634 = UNCERTAINTY_MEASURE_WITH_UNIT (LENGTH_MEASURE( 1.000000000000000082E-05 ), #271, 'distance_accuracy_value', 'NONE');
#635 = DIRECTION ( 'NONE',  ( 1.000000000000000000, 0.000000000000000000, -0.000000000000000000 ) ) ;
#636 = ORIENTED_EDGE ( 'NONE', *, *, #1369, .T. ) ;
#637 =( NAMED_UNIT ( * ) PLANE_ANGLE_UNIT ( ) SI_UNIT ( $, .RADIAN. ) );
#638 = LINE ( 'NONE', #795, #1000 ) ;
#639 =( LENGTH_UNIT ( ) NAMED_UNIT ( * ) SI_UNIT ( $, .METRE. ) );
#640 = EDGE_CURVE ( 'NONE', #1507, #190, #1550, .T. ) ;
#641 = DIRECTION ( 'NONE',  ( -1.000000000000000000, 0.000000000000000000, 0.000000000000000000 ) ) ;
#642 = CARTESIAN_POINT ( 'NONE',  ( 0.05999999999999999778, -0.5799999999999999600, -0.2650000000000000133 ) ) ;
#643 = FACE_OUTER_BOUND ( 'NONE', #950, .T. ) ;
#644 = EDGE_CURVE ( 'NONE', #75, #1549, #1667, .T. ) ;
#645 = CARTESIAN_POINT ( 'NONE',  ( -0.08499999999998998634, 0.000000000000000000, 0.000000000000000000 ) ) ;
#646 = ORIENTED_EDGE ( 'NONE', *, *, #1828, .F. ) ;
#647 = ADVANCED_FACE ( 'NONE', ( #672 ), #1520, .F. ) ;
#648 = ADVANCED_FACE ( 'NONE', ( #403 ), #827, .T. ) ;
#649 = ORIENTED_EDGE ( 'NONE', *, *, #372, .T. ) ;
#650 = PLANE ( 'NONE',  #1541 ) ;
#651 = CIRCLE ( 'NONE', #67, 0.05899999999999999689 ) ;
#652 = CARTESIAN_POINT ( 'NONE',  ( 0.06500000000000000222, -0.5999999999999999778, 0.000000000000000000 ) ) ;
#653 =( LENGTH_UNIT ( ) NAMED_UNIT ( * ) SI_UNIT ( $, .METRE. ) );
#654 =( NAMED_UNIT ( * ) PLANE_ANGLE_UNIT ( ) SI_UNIT ( $, .RADIAN. ) );
#655 = FACE_OUTER_BOUND ( 'NONE', #1081, .T. ) ;
#656 = VERTEX_POINT ( 'NONE', #1528 ) ;
#657 = PLANE ( 'NONE',  #56 ) ;
#658 = VECTOR ( 'NONE', #1493, 39.37007874015748143 ) ;
#659 = FACE_OUTER_BOUND ( 'NONE', #1482, .T. ) ;
#660 = ORIENTED_EDGE ( 'NONE', *, *, #1178, .F. ) ;
#661 =( NAMED_UNIT ( * ) PLANE_ANGLE_UNIT ( ) SI_UNIT ( $, .RADIAN. ) );
#662 = STYLED_ITEM ( 'NONE', ( #241 ), #1094 ) ;
#663 = DIRECTION ( 'NONE',  ( -0.000000000000000000, 1.000000000000000000, 0.000000000000000000 ) ) ;
#664 =( CONVERSION_BASED_UNIT ( 'INCH', #198 ) LENGTH_UNIT ( ) NAMED_UNIT ( #1522 ) );
#665 = CARTESIAN_POINT ( 'NONE',  ( -0.04000000000000000083, -0.7449999999999999956, -0.3649999999999999911 ) ) ;
#666 = EDGE_CURVE ( 'NONE', #584, #528, #1115, .T. ) ;
#667 = ORIENTED_EDGE ( 'NONE', *, *, #1533, .F. ) ;
#668 = CARTESIAN_POINT ( 'NONE',  ( 0.05899999999999999689, -0.2999999999999999889, -0.005150000000000000064 ) ) ;
#669 = ORIENTED_EDGE ( 'NONE', *, *, #1491, .T. ) ;
#670 = CARTESIAN_POINT ( 'NONE',  ( -0.05999999999999999778, -0.5799999999999999600, -0.2650000000000000133 ) ) ;
#671 = ORIENTED_EDGE ( 'NONE', *, *, #1592, .F. ) ;
#672 = FACE_OUTER_BOUND ( 'NONE', #1436, .T. ) ;
#673 = SURFACE_STYLE_USAGE ( .BOTH. , #1118 ) ;
#674 = DIMENSIONAL_EXPONENTS ( 1.000000000000000000, 0.000000000000000000, 0.000000000000000000, 0.000000000000000000, 0.000000000000000000, 0.000000000000000000, 0.000000000000000000 ) ;
#675 = DIRECTION ( 'NONE',  ( 1.000000000000000000, 0.000000000000000000, 0.000000000000000000 ) ) ;
#676 = CARTESIAN_POINT ( 'NONE',  ( 0.04000000000000000083, -0.5799999999999999600, -0.3649999999999999911 ) ) ;
#677 = DIRECTION ( 'NONE',  ( -0.000000000000000000, -1.000000000000000000, -0.000000000000000000 ) ) ;
#678 = EDGE_LOOP ( 'NONE', ( #636, #1159, #808, #910 ) ) ;
#679 = CARTESIAN_POINT ( 'NONE',  ( -0.05999999999999999778, -0.5799999999999999600, -0.1849999999999999978 ) ) ;
#680 = PRESENTATION_LAYER_ASSIGNMENT (  '', '', ( #736 ) ) ;
#681 = ORIENTED_EDGE ( 'NONE', *, *, #216, .F. ) ;
#682 = CARTESIAN_POINT ( 'NONE',  ( 0.000000000000000000, -0.5000000000000000000, -0.005150000000000000064 ) ) ;
#683 = LINE ( 'NONE', #1244, #1532 ) ;
#684 = PRESENTATION_LAYER_ASSIGNMENT (  '', '', ( #1384 ) ) ;
#685 = LENGTH_MEASURE_WITH_UNIT ( LENGTH_MEASURE( 0.02539999999999999897 ), #1514 );
#686 = ORIENTED_EDGE ( 'NONE', *, *, #843, .F. ) ;
#687 = DIRECTION ( 'NONE',  ( 0.000000000000000000, 0.000000000000000000, 1.000000000000000000 ) ) ;
#688 = ORIENTED_EDGE ( 'NONE', *, *, #1592, .T. ) ;
#689 = EDGE_CURVE ( 'NONE', #85, #960, #101, .T. ) ;
#690 = MECHANICAL_DESIGN_GEOMETRIC_PRESENTATION_REPRESENTATION (  '', ( #111 ), #1247 ) ;
#691 = DIRECTION ( 'NONE',  ( 0.000000000000000000, 1.000000000000000000, 0.000000000000000000 ) ) ;
#692 = EDGE_CURVE ( 'NONE', #1389, #891, #1393, .T. ) ;
#693 = CARTESIAN_POINT ( 'NONE',  ( -0.05999999999999999778, -0.7449999999999999956, -0.3850000000000000089 ) ) ;
#694 = VECTOR ( 'NONE', #1312, 39.37007874015748143 ) ;
#695 = VERTEX_POINT ( 'NONE', #1660 ) ;
#696 = DIMENSIONAL_EXPONENTS ( 1.000000000000000000, 0.000000000000000000, 0.000000000000000000, 0.000000000000000000, 0.000000000000000000, 0.000000000000000000, 0.000000000000000000 ) ;
#697 = VERTEX_POINT ( 'NONE', #698 ) ;
#698 = CARTESIAN_POINT ( 'NONE',  ( -0.04000000000000000083, -0.5799999999999999600, -0.1650000000000000078 ) ) ;
#699 = SURFACE_SIDE_STYLE ('',( #1540 ) ) ;
#700 = ADVANCED_FACE ( 'NONE', ( #394 ), #421, .T. ) ;
#701 = VECTOR ( 'NONE', #944, 39.37007874015748143 ) ;
#702 =( NAMED_UNIT ( * ) SI_UNIT ( $, .STERADIAN. ) SOLID_ANGLE_UNIT ( ) );
#703 = EDGE_CURVE ( 'NONE', #865, #1545, #1174, .T. ) ;
#704 = ORIENTED_EDGE ( 'NONE', *, *, #23, .T. ) ;
#705 = ORIENTED_EDGE ( 'NONE', *, *, #1270, .F. ) ;
#706 = CIRCLE ( 'NONE', #35, 0.05899999999999999689 ) ;
#707 = VECTOR ( 'NONE', #14, 39.37007874015748143 ) ;
#708 = DIRECTION ( 'NONE',  ( -1.000000000000000000, 0.000000000000000000, -0.000000000000000000 ) ) ;
#709 =( LENGTH_UNIT ( ) NAMED_UNIT ( * ) SI_UNIT ( $, .METRE. ) );
#710 = AXIS2_PLACEMENT_3D ( 'NONE', #278, #1259, #1802 ) ;
#711 = VECTOR ( 'NONE', #287, 39.37007874015748143 ) ;
#712 = CARTESIAN_POINT ( 'NONE',  ( 0.000000000000000000, -0.2999999999999999889, 0.04399999999999999745 ) ) ;
#713 = ORIENTED_EDGE ( 'NONE', *, *, #778, .T. ) ;
#714 = VERTEX_POINT ( 'NONE', #297 ) ;
#715 = DIRECTION ( 'NONE',  ( 1.000000000000000000, 0.000000000000000000, -0.000000000000000000 ) ) ;
#716 = DIRECTION ( 'NONE',  ( 0.000000000000000000, 1.000000000000000000, -0.000000000000000000 ) ) ;
#717 = AXIS2_PLACEMENT_3D ( 'NONE', #998, #1138, #1262 ) ;
#718 = AXIS2_PLACEMENT_3D ( 'NONE', #352, #1334, #770 ) ;
#719 = FACE_BOUND ( 'NONE', #740, .T. ) ;
#720 = EDGE_CURVE ( 'NONE', #999, #1445, #724, .T. ) ;
#721 = EDGE_LOOP ( 'NONE', ( #1222, #1734, #1811, #1016 ) ) ;
#722 = LINE ( 'NONE', #1256, #243 ) ;
#723 = ORIENTED_EDGE ( 'NONE', *, *, #172, .F. ) ;
#724 = LINE ( 'NONE', #893, #1030 ) ;
#725 = LINE ( 'NONE', #139, #477 ) ;
#726 = SURFACE_SIDE_STYLE ('',( #148 ) ) ;
#727 = SURFACE_STYLE_USAGE ( .BOTH. , #755 ) ;
#728 = UNCERTAINTY_MEASURE_WITH_UNIT (LENGTH_MEASURE( 1.000000000000000082E-05 ), #513, 'distance_accuracy_value', 'NONE');
#729 = VERTEX_POINT ( 'NONE', #1590 ) ;
#730 = ORIENTED_EDGE ( 'NONE', *, *, #967, .F. ) ;
#731 = CARTESIAN_POINT ( 'NONE',  ( -0.06500000000000000222, 0.000000000000000000, -0.4550000000000000155 ) ) ;
#732 = ORIENTED_EDGE ( 'NONE', *, *, #382, .T. ) ;
#733 = FACE_OUTER_BOUND ( 'NONE', #1725, .T. ) ;
#734 = DIRECTION ( 'NONE',  ( 0.000000000000000000, -0.000000000000000000, -1.000000000000000000 ) ) ;
#735 = DIRECTION ( 'NONE',  ( -1.000000000000000000, 0.000000000000000000, -0.000000000000000000 ) ) ;
#736 = STYLED_ITEM ( 'NONE', ( #299 ), #1586 ) ;
#737 = ORIENTED_EDGE ( 'NONE', *, *, #1296, .T. ) ;
#738 = VECTOR ( 'NONE', #601, 39.37007874015748143 ) ;
#739 = CIRCLE ( 'NONE', #164, 0.05899999999999999689 ) ;
#740 = EDGE_LOOP ( 'NONE', ( #120, #1418 ) ) ;
#741 = AXIS2_PLACEMENT_3D ( 'NONE', #676, #124, #553 ) ;
#742 = MECHANICAL_DESIGN_GEOMETRIC_PRESENTATION_REPRESENTATION (  '', ( #456 ), #1065 ) ;
#743 = CARTESIAN_POINT ( 'NONE',  ( 0.04000000000000000083, -0.5799999999999999600, -0.3850000000000000089 ) ) ;
#744 = ADVANCED_FACE ( 'NONE', ( #313 ), #305, .F. ) ;
#745 = EDGE_CURVE ( 'NONE', #824, #390, #600, .T. ) ;
#746 = UNCERTAINTY_MEASURE_WITH_UNIT (LENGTH_MEASURE( 1.000000000000000082E-05 ), #1385, 'distance_accuracy_value', 'NONE');
#747 = ORIENTED_EDGE ( 'NONE', *, *, #1548, .T. ) ;
#748 = VERTEX_POINT ( 'NONE', #1002 ) ;
#749 = CARTESIAN_POINT ( 'NONE',  ( -0.05899999999999999689, -0.1000000000000000056, 0.000000000000000000 ) ) ;
#750 = DIRECTION ( 'NONE',  ( -1.000000000000000000, -0.000000000000000000, -0.000000000000000000 ) ) ;
#751 = LENGTH_MEASURE_WITH_UNIT ( LENGTH_MEASURE( 0.02539999999999999897 ), #1450 );
#752 = ORIENTED_EDGE ( 'NONE', *, *, #1809, .F. ) ;
#753 = FILL_AREA_STYLE ('',( #169 ) ) ;
#754 = EDGE_CURVE ( 'NONE', #904, #307, #1839, .T. ) ;
#755 = SURFACE_SIDE_STYLE ('',( #3 ) ) ;
#756 = VERTEX_POINT ( 'NONE', #1412 ) ;
#757 = DIRECTION ( 'NONE',  ( -0.000000000000000000, 0.000000000000000000, -1.000000000000000000 ) ) ;
#758 = CARTESIAN_POINT ( 'NONE',  ( -0.05999999999999999778, -0.7449999999999999956, -0.3850000000000000089 ) ) ;
#759 = SURFACE_STYLE_FILL_AREA ( #1849 ) ;
#760 = CARTESIAN_POINT ( 'NONE',  ( 0.000000000000000000, -0.1000000000000000056, 0.000000000000000000 ) ) ;
#761 =( NAMED_UNIT ( * ) SI_UNIT ( $, .STERADIAN. ) SOLID_ANGLE_UNIT ( ) );
#762 = FILL_AREA_STYLE ('',( #772 ) ) ;
#763 = ADVANCED_FACE ( 'NONE', ( #1008 ), #325, .F. ) ;
#764 =( GEOMETRIC_REPRESENTATION_CONTEXT ( 3 ) GLOBAL_UNCERTAINTY_ASSIGNED_CONTEXT ( ( #1309 ) ) GLOBAL_UNIT_ASSIGNED_CONTEXT ( ( #934, #57, #1183 ) ) REPRESENTATION_CONTEXT ( 'NONE', 'WORKASPACE' ) );
#765 = VERTEX_POINT ( 'NONE', #1281 ) ;
#766 = CARTESIAN_POINT ( 'NONE',  ( -0.05999999999999999778, -0.5799999999999999600, -0.2849999999999999756 ) ) ;
#767 = DIRECTION ( 'NONE',  ( -1.000000000000000000, 0.000000000000000000, -0.000000000000000000 ) ) ;
#768 = LENGTH_MEASURE_WITH_UNIT ( LENGTH_MEASURE( 0.02539999999999999897 ), #639 );
#769 =( LENGTH_UNIT ( ) NAMED_UNIT ( * ) SI_UNIT ( $, .METRE. ) );
#770 = DIRECTION ( 'NONE',  ( 0.000000000000000000, -0.000000000000000000, 1.000000000000000000 ) ) ;
#771 = CARTESIAN_POINT ( 'NONE',  ( 0.04000000000000000083, -0.5799999999999999600, -0.2849999999999999756 ) ) ;
#772 = FILL_AREA_STYLE_COLOUR ( '', #105 ) ;
#773 = DIRECTION ( 'NONE',  ( -0.000000000000000000, 0.000000000000000000, -1.000000000000000000 ) ) ;
#774 = LINE ( 'NONE', #665, #1123 ) ;
#775 = EDGE_LOOP ( 'NONE', ( #1092, #1494, #293, #419 ) ) ;
#776 = VECTOR ( 'NONE', #1716, 39.37007874015748143 ) ;
#777 = CARTESIAN_POINT ( 'NONE',  ( 0.04000000000000000083, -0.7449999999999999956, -0.1849999999999999978 ) ) ;
#778 = EDGE_CURVE ( 'NONE', #1848, #1420, #651, .T. ) ;
#779 = LINE ( 'NONE', #758, #932 ) ;
#780 = DIRECTION ( 'NONE',  ( 0.000000000000000000, 0.000000000000000000, 1.000000000000000000 ) ) ;
#781 = LINE ( 'NONE', #188, #1380 ) ;
#782 = EDGE_CURVE ( 'NONE', #150, #1023, #873, .T. ) ;
#783 = CARTESIAN_POINT ( 'NONE',  ( 0.05999999999999999778, -0.5799999999999999600, -0.3649999999999999911 ) ) ;
#784 = ORIENTED_EDGE ( 'NONE', *, *, #1392, .T. ) ;
#785 = CARTESIAN_POINT ( 'NONE',  ( 0.000000000000000000, -0.7449999999999999956, -0.2000000000000000111 ) ) ;
#786 = LINE ( 'NONE', #418, #928 ) ;
#787 = CIRCLE ( 'NONE', #941, 0.05899999999999999689 ) ;
#788 = DIRECTION ( 'NONE',  ( -0.000000000000000000, -1.000000000000000000, 0.000000000000000000 ) ) ;
#789 = CARTESIAN_POINT ( 'NONE',  ( 0.000000000000000000, -0.5799999999999999600, -0.4550000000000000155 ) ) ;
#790 = CARTESIAN_POINT ( 'NONE',  ( 0.000000000000000000, -0.7449999999999999956, -0.3850000000000000089 ) ) ;
#791 = CARTESIAN_POINT ( 'NONE',  ( -0.05899999999999999689, -0.5000000000000000000, 0.04399999999999999745 ) ) ;
#792 = ORIENTED_EDGE ( 'NONE', *, *, #1486, .F. ) ;
#793 = SURFACE_STYLE_FILL_AREA ( #1617 ) ;
#794 = MECHANICAL_DESIGN_GEOMETRIC_PRESENTATION_REPRESENTATION (  '', ( #1620 ), #764 ) ;
#795 = CARTESIAN_POINT ( 'NONE',  ( 0.04000000000000000083, -0.5799999999999999600, -0.1650000000000000078 ) ) ;
#796 = EDGE_LOOP ( 'NONE', ( #1156, #259, #667, #566 ) ) ;
#797 = LINE ( 'NONE', #89, #167 ) ;
#798 = VECTOR ( 'NONE', #1458, 39.37007874015748143 ) ;
#799 = VECTOR ( 'NONE', #1018, 39.37007874015748143 ) ;
#800 = LINE ( 'NONE', #1039, #144 ) ;
#801 = EDGE_CURVE ( 'NONE', #417, #533, #1132, .T. ) ;
#802 = CARTESIAN_POINT ( 'NONE',  ( -0.05999999999999999778, -0.5799999999999999600, -0.3850000000000000089 ) ) ;
#803 = LINE ( 'NONE', #375, #701 ) ;
#804 = DIRECTION ( 'NONE',  ( -0.000000000000000000, -0.000000000000000000, -1.000000000000000000 ) ) ;
#805 = VERTEX_POINT ( 'NONE', #1125 ) ;
#806 = AXIS2_PLACEMENT_3D ( 'NONE', #452, #1014, #1327 ) ;
#807 = FACE_OUTER_BOUND ( 'NONE', #1666, .T. ) ;
#808 = ORIENTED_EDGE ( 'NONE', *, *, #168, .T. ) ;
#809 = VERTEX_POINT ( 'NONE', #1712 ) ;
#810 = VECTOR ( 'NONE', #1066, 39.37007874015748143 ) ;
#811 =( NAMED_UNIT ( * ) PLANE_ANGLE_UNIT ( ) SI_UNIT ( $, .RADIAN. ) );
#812 = CARTESIAN_POINT ( 'NONE',  ( 0.000000000000000000, -0.04100000000000002254, 0.04399999999999999745 ) ) ;
#813 = DIRECTION ( 'NONE',  ( 0.000000000000000000, 0.000000000000000000, 1.000000000000000000 ) ) ;
#814 = EDGE_CURVE ( 'NONE', #17, #809, #1176, .T. ) ;
#815 = DIMENSIONAL_EXPONENTS ( 1.000000000000000000, 0.000000000000000000, 0.000000000000000000, 0.000000000000000000, 0.000000000000000000, 0.000000000000000000, 0.000000000000000000 ) ;
#816 = FILL_AREA_STYLE ('',( #1516 ) ) ;
#817 = ORIENTED_EDGE ( 'NONE', *, *, #745, .F. ) ;
#818 = DIRECTION ( 'NONE',  ( -1.000000000000000000, 0.000000000000000000, -0.000000000000000000 ) ) ;
#819 = EDGE_LOOP ( 'NONE', ( #400, #704, #441, #142 ) ) ;
#820 = CARTESIAN_POINT ( 'NONE',  ( -0.06500000000000000222, -0.5999999999999999778, 0.000000000000000000 ) ) ;
#821 = CARTESIAN_POINT ( 'NONE',  ( 7.225416114969380249E-18, -0.1590000000000000024, 0.04400000000000001132 ) ) ;
#822 = CARTESIAN_POINT ( 'NONE',  ( 0.000000000000000000, -0.7449999999999999956, -0.1650000000000000078 ) ) ;
#823 = DIRECTION ( 'NONE',  ( 0.000000000000000000, 0.000000000000000000, 1.000000000000000000 ) ) ;
#824 = VERTEX_POINT ( 'NONE', #1 ) ;
#825 = FILL_AREA_STYLE_COLOUR ( '', #1452 ) ;
#826 = EDGE_LOOP ( 'NONE', ( #215, #347, #454, #555 ) ) ;
#827 = PLANE ( 'NONE',  #1741 ) ;
#828 = LENGTH_MEASURE_WITH_UNIT ( LENGTH_MEASURE( 0.02539999999999999897 ), #709 );
#829 = AXIS2_PLACEMENT_3D ( 'NONE', #582, #1150, #589 ) ;
#830 = PRESENTATION_LAYER_ASSIGNMENT (  '', '', ( #70 ) ) ;
#831 = DIRECTION ( 'NONE',  ( 1.000000000000000000, 0.000000000000000000, -0.000000000000000000 ) ) ;
#832 = VECTOR ( 'NONE', #426, 39.37007874015748143 ) ;
#833 = CIRCLE ( 'NONE', #1294, 0.05899999999999999689 ) ;
#834 =( NAMED_UNIT ( * ) SI_UNIT ( $, .STERADIAN. ) SOLID_ANGLE_UNIT ( ) );
#835 = ORIENTED_EDGE ( 'NONE', *, *, #689, .T. ) ;
#836 = CARTESIAN_POINT ( 'NONE',  ( -0.06500000000000000222, -0.5799999999999999600, -0.4550000000000000155 ) ) ;
#837 = EDGE_CURVE ( 'NONE', #17, #1420, #153, .T. ) ;
#838 = ORIENTED_EDGE ( 'NONE', *, *, #1511, .T. ) ;
#839 = LINE ( 'NONE', #1232, #559 ) ;
#840 =( NAMED_UNIT ( * ) SI_UNIT ( $, .STERADIAN. ) SOLID_ANGLE_UNIT ( ) );
#841 = ADVANCED_FACE ( 'NONE', ( #733 ), #1421, .T. ) ;
#842 = DIMENSIONAL_EXPONENTS ( 1.000000000000000000, 0.000000000000000000, 0.000000000000000000, 0.000000000000000000, 0.000000000000000000, 0.000000000000000000, 0.000000000000000000 ) ;
#843 = EDGE_CURVE ( 'NONE', #1250, #1571, #1287, .T. ) ;
#844 = LINE ( 'NONE', #123, #1650 ) ;
#845 = EDGE_CURVE ( 'NONE', #427, #1217, #162, .T. ) ;
#846 = UNCERTAINTY_MEASURE_WITH_UNIT (LENGTH_MEASURE( 1.000000000000000082E-05 ), #118, 'distance_accuracy_value', 'NONE');
#847 = ORIENTED_EDGE ( 'NONE', *, *, #189, .F. ) ;
#848 = PLANE ( 'NONE',  #1041 ) ;
#849 = ORIENTED_EDGE ( 'NONE', *, *, #1108, .T. ) ;
#850 = FILL_AREA_STYLE ('',( #128 ) ) ;
#851 = FACE_BOUND ( 'NONE', #678, .T. ) ;
#852 = PRESENTATION_STYLE_ASSIGNMENT (( #131 ) ) ;
#853 = CARTESIAN_POINT ( 'NONE',  ( 0.05899999999999999689, -0.1000000000000000056, 0.000000000000000000 ) ) ;
#854 = ORIENTED_EDGE ( 'NONE', *, *, #370, .T. ) ;
#855 = CARTESIAN_POINT ( 'NONE',  ( 0.000000000000000000, -0.7449999999999999956, -0.2650000000000000688 ) ) ;
#856 = ORIENTED_EDGE ( 'NONE', *, *, #12, .F. ) ;
#857 = CIRCLE ( 'NONE', #1406, 0.05899999999999999689 ) ;
#858 = MECHANICAL_DESIGN_GEOMETRIC_PRESENTATION_REPRESENTATION (  '', ( #736 ), #1286 ) ;
#859 = FACE_OUTER_BOUND ( 'NONE', #580, .T. ) ;
#860 = LINE ( 'NONE', #288, #161 ) ;
#861 = AXIS2_PLACEMENT_3D ( 'NONE', #409, #1675, #1375 ) ;
#862 = ADVANCED_FACE ( 'NONE', ( #859 ), #9, .T. ) ;
#863 = CARTESIAN_POINT ( 'NONE',  ( 0.000000000000000000, -0.4410000000000000031, 0.04399999999999999745 ) ) ;
#864 = CARTESIAN_POINT ( 'NONE',  ( 7.225416114969383331E-18, -0.3589999999999999858, 0.04400000000000001132 ) ) ;
#865 = VERTEX_POINT ( 'NONE', #1729 ) ;
#866 = ORIENTED_EDGE ( 'NONE', *, *, #754, .F. ) ;
#867 = CARTESIAN_POINT ( 'NONE',  ( 0.05899999999999999689, -0.5000000000000000000, -0.005150000000000000064 ) ) ;
#868 = CARTESIAN_POINT ( 'NONE',  ( 0.000000000000000000, -0.2999999999999999889, 0.04399999999999999745 ) ) ;
#869 = CIRCLE ( 'NONE', #717, 0.05899999999999999689 ) ;
#870 = EDGE_LOOP ( 'NONE', ( #835, #1148, #1248, #286 ) ) ;
#871 = LINE ( 'NONE', #1561, #302 ) ;
#872 = ORIENTED_EDGE ( 'NONE', *, *, #1828, .T. ) ;
#873 = LINE ( 'NONE', #1266, #1681 ) ;
#874 = DIRECTION ( 'NONE',  ( -0.000000000000000000, -0.000000000000000000, -1.000000000000000000 ) ) ;
#875 =( CONVERSION_BASED_UNIT ( 'INCH', #1433 ) LENGTH_UNIT ( ) NAMED_UNIT ( #1547 ) );
#876 = ORIENTED_EDGE ( 'NONE', *, *, #620, .T. ) ;
#877 = LENGTH_MEASURE_WITH_UNIT ( LENGTH_MEASURE( 0.02539999999999999897 ), #596 );
#878 = ADVANCED_FACE ( 'NONE', ( #138 ), #1274, .T. ) ;
#879 = EDGE_LOOP ( 'NONE', ( #429, #490, #1095, #953 ) ) ;
#880 = CARTESIAN_POINT ( 'NONE',  ( -0.06500000000000000222, -0.5799999999999999600, 0.000000000000000000 ) ) ;
#881 = CARTESIAN_POINT ( 'NONE',  ( -0.04000000000000000083, -0.7449999999999999956, -0.1650000000000000078 ) ) ;
#882 = CARTESIAN_POINT ( 'NONE',  ( -0.08499999999998998634, -0.5999999999999999778, 0.000000000000000000 ) ) ;
#883 = EDGE_CURVE ( 'NONE', #1552, #443, #1466, .T. ) ;
#884 = FACE_OUTER_BOUND ( 'NONE', #515, .T. ) ;
#885 = VECTOR ( 'NONE', #1510, 39.37007874015748143 ) ;
#886 = FACE_OUTER_BOUND ( 'NONE', #1674, .T. ) ;
#887 = MECHANICAL_DESIGN_GEOMETRIC_PRESENTATION_REPRESENTATION (  '', ( #1032 ), #1206 ) ;
#888 = ORIENTED_EDGE ( 'NONE', *, *, #837, .F. ) ;
#889 = VECTOR ( 'NONE', #467, 39.37007874015748143 ) ;
#890 = AXIS2_PLACEMENT_3D ( 'NONE', #1758, #1057, #915 ) ;
#891 = VERTEX_POINT ( 'NONE', #1754 ) ;
#892 = CARTESIAN_POINT ( 'NONE',  ( -0.05899999999999999689, -0.5000000000000000000, -0.005150000000000000064 ) ) ;
#893 = CARTESIAN_POINT ( 'NONE',  ( 0.05999999999999999778, -0.5799999999999999600, -0.1650000000000000078 ) ) ;
#894 = EDGE_CURVE ( 'NONE', #970, #491, #1038, .T. ) ;
#895 = DIRECTION ( 'NONE',  ( -0.000000000000000000, -0.000000000000000000, -1.000000000000000000 ) ) ;
#896 = EDGE_CURVE ( 'NONE', #1701, #1554, #1601, .T. ) ;
#897 = VECTOR ( 'NONE', #804, 39.37007874015748143 ) ;
#898 = CARTESIAN_POINT ( 'NONE',  ( 0.000000000000000000, -0.2409999999999999643, 0.04399999999999999745 ) ) ;
#899 = STYLED_ITEM ( 'NONE', ( #348 ), #436 ) ;
#900 = ORIENTED_EDGE ( 'NONE', *, *, #905, .T. ) ;
#901 = CARTESIAN_POINT ( 'NONE',  ( 0.000000000000000000, -0.2999999999999999889, 0.000000000000000000 ) ) ;
#902 = FILL_AREA_STYLE_COLOUR ( '', #211 ) ;
#903 = DIRECTION ( 'NONE',  ( 1.000000000000000000, 0.000000000000000000, 0.000000000000000000 ) ) ;
#904 = VERTEX_POINT ( 'NONE', #1610 ) ;
#905 = EDGE_CURVE ( 'NONE', #1644, #960, #1619, .T. ) ;
#906 = CARTESIAN_POINT ( 'NONE',  ( -0.04000000000000000083, -0.5799999999999999600, -0.3649999999999999911 ) ) ;
#907 = SURFACE_STYLE_USAGE ( .BOTH. , #1566 ) ;
#908 =( NAMED_UNIT ( * ) SI_UNIT ( $, .STERADIAN. ) SOLID_ANGLE_UNIT ( ) );
#909 = EDGE_LOOP ( 'NONE', ( #1189, #1517, #1179, #1853 ) ) ;
#910 = ORIENTED_EDGE ( 'NONE', *, *, #1611, .F. ) ;
#911 = DIRECTION ( 'NONE',  ( 1.000000000000000000, 0.000000000000000000, -0.000000000000000000 ) ) ;
#912 = LENGTH_MEASURE_WITH_UNIT ( LENGTH_MEASURE( 0.02539999999999999897 ), #769 );
#913 =( NAMED_UNIT ( * ) PLANE_ANGLE_UNIT ( ) SI_UNIT ( $, .RADIAN. ) );
#914 = PLANE ( 'NONE',  #718 ) ;
#915 = DIRECTION ( 'NONE',  ( 1.000000000000000000, 0.000000000000000000, -0.000000000000000000 ) ) ;
#916 = PRESENTATION_STYLE_ASSIGNMENT (( #633 ) ) ;
#917 = VECTOR ( 'NONE', #1488, 39.37007874015748143 ) ;
#918 = CARTESIAN_POINT ( 'NONE',  ( -0.04000000000000000083, -0.5799999999999999600, -0.2650000000000000133 ) ) ;
#919 = EDGE_CURVE ( 'NONE', #91, #1502, #1055, .T. ) ;
#920 = VERTEX_POINT ( 'NONE', #749 ) ;
#921 = DIRECTION ( 'NONE',  ( 0.000000000000000000, -1.000000000000000000, 0.000000000000000000 ) ) ;
#922 = CARTESIAN_POINT ( 'NONE',  ( 0.04000000000000000083, -0.5799999999999999600, -0.1650000000000000078 ) ) ;
#923 =( GEOMETRIC_REPRESENTATION_CONTEXT ( 3 ) GLOBAL_UNCERTAINTY_ASSIGNED_CONTEXT ( ( #157 ) ) GLOBAL_UNIT_ASSIGNED_CONTEXT ( ( #989, #1822, #1398 ) ) REPRESENTATION_CONTEXT ( 'NONE', 'WORKASPACE' ) );
#924 = ADVANCED_FACE ( 'NONE', ( #606 ), #1324, .F. ) ;
#925 = DIRECTION ( 'NONE',  ( 0.000000000000000000, 1.000000000000000000, 0.000000000000000000 ) ) ;
#926 = LINE ( 'NONE', #645, #897 ) ;
#927 = ORIENTED_EDGE ( 'NONE', *, *, #226, .T. ) ;
#928 = VECTOR ( 'NONE', #1114, 39.37007874015748143 ) ;
#929 =( NAMED_UNIT ( * ) SI_UNIT ( $, .STERADIAN. ) SOLID_ANGLE_UNIT ( ) );
#930 = DIRECTION ( 'NONE',  ( -0.000000000000000000, 0.000000000000000000, -1.000000000000000000 ) ) ;
#931 = CARTESIAN_POINT ( 'NONE',  ( -0.04000000000000000083, -0.7449999999999999956, -0.3649999999999999911 ) ) ;
#932 = VECTOR ( 'NONE', #341, 39.37007874015748143 ) ;
#933 = DIRECTION ( 'NONE',  ( 0.000000000000000000, 0.000000000000000000, -1.000000000000000000 ) ) ;
#934 =( CONVERSION_BASED_UNIT ( 'INCH', #523 ) LENGTH_UNIT ( ) NAMED_UNIT ( #255 ) );
#935 = DIRECTION ( 'NONE',  ( 1.000000000000000000, 0.000000000000000000, 0.000000000000000000 ) ) ;
#936 = DIRECTION ( 'NONE',  ( -1.000000000000000000, 0.000000000000000000, 0.000000000000000000 ) ) ;
#937 = EDGE_LOOP ( 'NONE', ( #1053, #507, #174, #90 ) ) ;
#938 = CARTESIAN_POINT ( 'NONE',  ( -0.08499999999998998634, -0.5999999999999999778, -0.4550000000000000155 ) ) ;
#939 = SURFACE_SIDE_STYLE ('',( #1658 ) ) ;
#940 = ADVANCED_FACE ( 'NONE', ( #1476 ), #1609, .T. ) ;
#941 = AXIS2_PLACEMENT_3D ( 'NONE', #1490, #1786, #219 ) ;
#942 = CARTESIAN_POINT ( 'NONE',  ( -0.04000000000000000083, -0.5799999999999999600, -0.3850000000000000089 ) ) ;
#943 = SURFACE_STYLE_USAGE ( .BOTH. , #503 ) ;
#944 = DIRECTION ( 'NONE',  ( -1.000000000000000000, -0.000000000000000000, 0.000000000000000000 ) ) ;
#945 = DIRECTION ( 'NONE',  ( 1.000000000000000000, 0.000000000000000000, 0.000000000000000000 ) ) ;
#946 = VERTEX_POINT ( 'NONE', #1304 ) ;
#947 = CLOSED_SHELL ( 'NONE', ( #878, #1669, #700, #1025, #316, #256, #1094, #218, #355, #1586, #1288, #1751, #1722, #436, #1739, #289, #1489, #473, #1333, #565, #648, #981, #841, #1205, #420, #550, #1470, #744, #924, #155, #1048, #510, #1396, #763, #862, #84, #312, #1431, #940, #1427, #497, #1346, #1765, #1820, #395, #647, #245, #112, #1555 ) ) ;
#948 = STYLED_ITEM ( 'NONE', ( #852 ), #1489 ) ;
#949 = CARTESIAN_POINT ( 'NONE',  ( -0.04000000000000000083, -0.5799999999999999600, -0.2849999999999999756 ) ) ;
#950 = EDGE_LOOP ( 'NONE', ( #1106, #1273, #1198, #71, #319 ) ) ;
#951 = PRESENTATION_LAYER_ASSIGNMENT (  '', '', ( #227 ) ) ;
#952 = LINE ( 'NONE', #1064, #1357 ) ;
#953 = ORIENTED_EDGE ( 'NONE', *, *, #1082, .F. ) ;
#954 = VECTOR ( 'NONE', #1067, 39.37007874015748143 ) ;
#955 = EDGE_CURVE ( 'NONE', #190, #1139, #614, .T. ) ;
#956 =( CONVERSION_BASED_UNIT ( 'INCH', #1251 ) LENGTH_UNIT ( ) NAMED_UNIT ( #1810 ) );
#957 = DIRECTION ( 'NONE',  ( 0.000000000000000000, 0.000000000000000000, 1.000000000000000000 ) ) ;
#958 = VECTOR ( 'NONE', #1693, 39.37007874015748143 ) ;
#959 = DIRECTION ( 'NONE',  ( -1.000000000000000000, 0.000000000000000000, 0.000000000000000000 ) ) ;
#960 = VERTEX_POINT ( 'NONE', #1160 ) ;
#961 = DIRECTION ( 'NONE',  ( 1.000000000000000000, 0.000000000000000000, -0.000000000000000000 ) ) ;
#962 = DIMENSIONAL_EXPONENTS ( 1.000000000000000000, 0.000000000000000000, 0.000000000000000000, 0.000000000000000000, 0.000000000000000000, 0.000000000000000000, 0.000000000000000000 ) ;
#963 = EDGE_LOOP ( 'NONE', ( #1285, #784, #251, #705 ) ) ;
#964 = VECTOR ( 'NONE', #1775, 39.37007874015748143 ) ;
#965 = SURFACE_SIDE_STYLE ('',( #978 ) ) ;
#966 =( LENGTH_UNIT ( ) NAMED_UNIT ( * ) SI_UNIT ( $, .METRE. ) );
#967 = EDGE_CURVE ( 'NONE', #538, #1554, #779, .T. ) ;
#968 = CARTESIAN_POINT ( 'NONE',  ( 0.08500000000000999811, 0.000000000000000000, 0.000000000000000000 ) ) ;
#969 = ORIENTED_EDGE ( 'NONE', *, *, #216, .T. ) ;
#970 = VERTEX_POINT ( 'NONE', #465 ) ;
#971 = LINE ( 'NONE', #548, #1451 ) ;
#972 = DIMENSIONAL_EXPONENTS ( 1.000000000000000000, 0.000000000000000000, 0.000000000000000000, 0.000000000000000000, 0.000000000000000000, 0.000000000000000000, 0.000000000000000000 ) ;
#973 = CARTESIAN_POINT ( 'NONE',  ( 0.000000000000000000, -0.4410000000000000031, 0.04399999999999999745 ) ) ;
#974 = EDGE_CURVE ( 'NONE', #547, #85, #351, .T. ) ;
#975 = ORIENTED_EDGE ( 'NONE', *, *, #453, .T. ) ;
#976 = CYLINDRICAL_SURFACE ( 'NONE', #1570, 0.05899999999999999689 ) ;
#977 = VERTEX_POINT ( 'NONE', #28 ) ;
#978 = SURFACE_STYLE_FILL_AREA ( #850 ) ;
#979 = FACE_BOUND ( 'NONE', #472, .T. ) ;
#980 =( GEOMETRIC_REPRESENTATION_CONTEXT ( 3 ) GLOBAL_UNCERTAINTY_ASSIGNED_CONTEXT ( ( #201 ) ) GLOBAL_UNIT_ASSIGNED_CONTEXT ( ( #1142, #29, #1170 ) ) REPRESENTATION_CONTEXT ( 'NONE', 'WORKASPACE' ) );
#981 = ADVANCED_FACE ( 'NONE', ( #1589 ), #1169, .T. ) ;
#982 = CARTESIAN_POINT ( 'NONE',  ( -0.1179999999999999799, -0.5589999999999999414, 0.2799999999999998601 ) ) ;
#983 = AXIS2_PLACEMENT_3D ( 'NONE', #1526, #1241, #62 ) ;
#984 = DIMENSIONAL_EXPONENTS ( 1.000000000000000000, 0.000000000000000000, 0.000000000000000000, 0.000000000000000000, 0.000000000000000000, 0.000000000000000000, 0.000000000000000000 ) ;
#985 = ORIENTED_EDGE ( 'NONE', *, *, #554, .F. ) ;
#986 =( NAMED_UNIT ( * ) SI_UNIT ( $, .STERADIAN. ) SOLID_ANGLE_UNIT ( ) );
#987 = ORIENTED_EDGE ( 'NONE', *, *, #588, .T. ) ;
#988 = CARTESIAN_POINT ( 'NONE',  ( -0.06500000000000000222, -0.5999999999999999778, -0.4550000000000000155 ) ) ;
#989 =( CONVERSION_BASED_UNIT ( 'INCH', #1678 ) LENGTH_UNIT ( ) NAMED_UNIT ( #1238 ) );
#990 = ORIENTED_EDGE ( 'NONE', *, *, #692, .F. ) ;
#991 = ORIENTED_EDGE ( 'NONE', *, *, #1260, .T. ) ;
#992 = EDGE_CURVE ( 'NONE', #809, #1359, #1298, .T. ) ;
#993 = DIRECTION ( 'NONE',  ( -0.000000000000000000, 0.000000000000000000, -1.000000000000000000 ) ) ;
#994 = DIRECTION ( 'NONE',  ( 1.000000000000000000, 0.000000000000000000, -0.000000000000000000 ) ) ;
#995 = CARTESIAN_POINT ( 'NONE',  ( -0.1179999999999999799, -0.4410000000000001141, 0.2799999999999998601 ) ) ;
#996 = CARTESIAN_POINT ( 'NONE',  ( 0.1179999999999999799, -0.2409999999999999920, 0.04400000000000001132 ) ) ;
#997 = ORIENTED_EDGE ( 'NONE', *, *, #115, .F. ) ;
#998 = CARTESIAN_POINT ( 'NONE',  ( 0.000000000000000000, -0.2999999999999999889, 0.000000000000000000 ) ) ;
#999 = VERTEX_POINT ( 'NONE', #1437 ) ;
#1000 = VECTOR ( 'NONE', #1465, 39.37007874015748143 ) ;
#1001 = AXIS2_PLACEMENT_3D ( 'NONE', #386, #1195, #79 ) ;
#1002 = CARTESIAN_POINT ( 'NONE',  ( -0.05999999999999999778, -0.7449999999999999956, -0.2849999999999999756 ) ) ;
#1003 = DIRECTION ( 'NONE',  ( 1.000000000000000000, 0.000000000000000000, 0.000000000000000000 ) ) ;
#1004 = DIRECTION ( 'NONE',  ( 0.000000000000000000, 0.000000000000000000, 1.000000000000000000 ) ) ;
#1005 = ORIENTED_EDGE ( 'NONE', *, *, #1130, .T. ) ;
#1006 = DIRECTION ( 'NONE',  ( 0.000000000000000000, -1.000000000000000000, -0.000000000000000000 ) ) ;
#1007 = ORIENTED_EDGE ( 'NONE', *, *, #277, .F. ) ;
#1008 = FACE_OUTER_BOUND ( 'NONE', #1255, .T. ) ;
#1009 = AXIS2_PLACEMENT_3D ( 'NONE', #1481, #1358, #1203 ) ;
#1010 =( NAMED_UNIT ( * ) SI_UNIT ( $, .STERADIAN. ) SOLID_ANGLE_UNIT ( ) );
#1011 = FILL_AREA_STYLE ('',( #1707 ) ) ;
#1012 = AXIS2_PLACEMENT_3D ( 'NONE', #1332, #1764, #323 ) ;
#1013 = ORIENTED_EDGE ( 'NONE', *, *, #1625, .F. ) ;
#1014 = DIRECTION ( 'NONE',  ( -0.000000000000000000, -0.000000000000000000, -1.000000000000000000 ) ) ;
#1015 = PRODUCT_RELATED_PRODUCT_CATEGORY ( 'part', '', ( #1134 ) ) ;
#1016 = ORIENTED_EDGE ( 'NONE', *, *, #1565, .F. ) ;
#1017 = DIRECTION ( 'NONE',  ( 0.000000000000000000, 0.000000000000000000, -1.000000000000000000 ) ) ;
#1018 = DIRECTION ( 'NONE',  ( -0.000000000000000000, -1.000000000000000000, 0.000000000000000000 ) ) ;
#1019 = PRESENTATION_STYLE_ASSIGNMENT (( #727 ) ) ;
#1020 = MECHANICAL_DESIGN_GEOMETRIC_PRESENTATION_REPRESENTATION (  '', ( #1381 ), #463 ) ;
#1021 = SHAPE_DEFINITION_REPRESENTATION ( #238, #232 ) ;
#1022 = ORIENTED_EDGE ( 'NONE', *, *, #1533, .T. ) ;
#1023 = VERTEX_POINT ( 'NONE', #476 ) ;
#1024 = CARTESIAN_POINT ( 'NONE',  ( 0.000000000000000000, -0.7449999999999999956, -0.2650000000000000688 ) ) ;
#1025 = ADVANCED_FACE ( 'NONE', ( #1037 ), #1599, .T. ) ;
#1026 = DIRECTION ( 'NONE',  ( -0.000000000000000000, -1.000000000000000000, -0.000000000000000000 ) ) ;
#1027 = DIRECTION ( 'NONE',  ( -0.000000000000000000, -0.000000000000000000, -1.000000000000000000 ) ) ;
#1028 = PRESENTATION_LAYER_ASSIGNMENT (  '', '', ( #1620 ) ) ;
#1029 = SURFACE_STYLE_FILL_AREA ( #753 ) ;
#1030 = VECTOR ( 'NONE', #437, 39.37007874015748143 ) ;
#1031 = FILL_AREA_STYLE_COLOUR ( '', #1144 ) ;
#1032 = STYLED_ITEM ( 'NONE', ( #1313 ), #878 ) ;
#1033 = DIRECTION ( 'NONE',  ( 1.000000000000000000, 0.000000000000000000, 0.000000000000000000 ) ) ;
#1034 = ORIENTED_EDGE ( 'NONE', *, *, #644, .T. ) ;
#1035 = CIRCLE ( 'NONE', #1593, 0.05899999999999999689 ) ;
#1036 = CARTESIAN_POINT ( 'NONE',  ( 0.04000000000000000083, -0.5799999999999999600, -0.2650000000000000133 ) ) ;
#1037 = FACE_OUTER_BOUND ( 'NONE', #1711, .T. ) ;
#1038 = LINE ( 'NONE', #485, #1350 ) ;
#1039 = CARTESIAN_POINT ( 'NONE',  ( 0.08500000000000999811, -0.5999999999999999778, 0.000000000000000000 ) ) ;
#1040 = FACE_OUTER_BOUND ( 'NONE', #1837, .T. ) ;
#1041 = AXIS2_PLACEMENT_3D ( 'NONE', #428, #1835, #1546 ) ;
#1042 = LINE ( 'NONE', #1606, #1730 ) ;
#1043 = AXIS2_PLACEMENT_3D ( 'NONE', #1343, #641, #1201 ) ;
#1044 = ORIENTED_EDGE ( 'NONE', *, *, #1565, .T. ) ;
#1045 = ORIENTED_EDGE ( 'NONE', *, *, #568, .F. ) ;
#1046 = SURFACE_STYLE_USAGE ( .BOTH. , #184 ) ;
#1047 = CARTESIAN_POINT ( 'NONE',  ( -0.05999999999999999778, -0.5799999999999999600, -0.3850000000000000089 ) ) ;
#1048 = ADVANCED_FACE ( 'NONE', ( #1210 ), #650, .F. ) ;
#1049 = FACE_OUTER_BOUND ( 'NONE', #1682, .T. ) ;
#1050 = DIRECTION ( 'NONE',  ( 1.000000000000000000, 0.000000000000000000, 0.000000000000000000 ) ) ;
#1051 = DIRECTION ( 'NONE',  ( 1.000000000000000000, 0.000000000000000000, 0.000000000000000000 ) ) ;
#1052 = CARTESIAN_POINT ( 'NONE',  ( -0.04000000000000000083, -0.5799999999999999600, -0.3850000000000000089 ) ) ;
#1053 = ORIENTED_EDGE ( 'NONE', *, *, #370, .F. ) ;
#1054 = DIRECTION ( 'NONE',  ( -0.000000000000000000, -0.000000000000000000, -1.000000000000000000 ) ) ;
#1055 = LINE ( 'NONE', #1447, #365 ) ;
#1056 = DIRECTION ( 'NONE',  ( -0.000000000000000000, -0.000000000000000000, -1.000000000000000000 ) ) ;
#1057 = DIRECTION ( 'NONE',  ( 0.000000000000000000, 0.000000000000000000, 1.000000000000000000 ) ) ;
#1058 = CIRCLE ( 'NONE', #193, 0.05899999999999999689 ) ;
#1059 = CARTESIAN_POINT ( 'NONE',  ( -0.04000000000000000083, -0.5799999999999999600, -0.3850000000000000089 ) ) ;
#1060 = ORIENTED_EDGE ( 'NONE', *, *, #1157, .F. ) ;
#1061 = AXIS2_PLACEMENT_3D ( 'NONE', #1413, #1027, #1289 ) ;
#1062 = LINE ( 'NONE', #1629, #290 ) ;
#1063 = VECTOR ( 'NONE', #611, 39.37007874015748143 ) ;
#1064 = CARTESIAN_POINT ( 'NONE',  ( -0.06500000000000000222, -0.5799999999999999600, 0.000000000000000000 ) ) ;
#1065 =( GEOMETRIC_REPRESENTATION_CONTEXT ( 3 ) GLOBAL_UNCERTAINTY_ASSIGNED_CONTEXT ( ( #1576 ) ) GLOBAL_UNIT_ASSIGNED_CONTEXT ( ( #46, #1192, #455 ) ) REPRESENTATION_CONTEXT ( 'NONE', 'WORKASPACE' ) );
#1066 = DIRECTION ( 'NONE',  ( 0.000000000000000000, -0.000000000000000000, -1.000000000000000000 ) ) ;
#1067 = DIRECTION ( 'NONE',  ( -0.000000000000000000, -1.000000000000000000, -0.000000000000000000 ) ) ;
#1068 = CARTESIAN_POINT ( 'NONE',  ( 0.05899999999999999689, -0.5000000000000000000, 0.04399999999999999745 ) ) ;
#1069 = EDGE_CURVE ( 'NONE', #61, #765, #1783, .T. ) ;
#1070 = EDGE_LOOP ( 'NONE', ( #249, #1399, #540, #1657 ) ) ;
#1071 = CARTESIAN_POINT ( 'NONE',  ( 0.05999999999999999778, -0.7449999999999999956, -0.2849999999999999756 ) ) ;
#1072 = CARTESIAN_POINT ( 'NONE',  ( 0.04000000000000000083, -0.5799999999999999600, -0.3649999999999999911 ) ) ;
#1073 = CARTESIAN_POINT ( 'NONE',  ( -0.04000000000000000083, -0.5799999999999999600, -0.2849999999999999756 ) ) ;
#1074 = EDGE_CURVE ( 'NONE', #756, #824, #797, .T. ) ;
#1075 = CARTESIAN_POINT ( 'NONE',  ( -0.05999999999999999778, -0.7449999999999999956, -0.3649999999999999911 ) ) ;
#1076 = PRESENTATION_STYLE_ASSIGNMENT (( #943 ) ) ;
#1077 = SURFACE_SIDE_STYLE ('',( #1622 ) ) ;
#1078 = CARTESIAN_POINT ( 'NONE',  ( 0.05999999999999999778, -0.7449999999999999956, -0.1849999999999999978 ) ) ;
#1079 = VERTEX_POINT ( 'NONE', #1073 ) ;
#1080 = CARTESIAN_POINT ( 'NONE',  ( 0.04000000000000000083, -0.5799999999999999600, -0.1849999999999999978 ) ) ;
#1081 = EDGE_LOOP ( 'NONE', ( #303, #1817, #1509, #1044 ) ) ;
#1082 = EDGE_CURVE ( 'NONE', #1359, #1848, #833, .T. ) ;
#1083 = CARTESIAN_POINT ( 'NONE',  ( -0.05899999999999999689, -0.1000000000000000056, -0.005150000000000000064 ) ) ;
#1084 = PRESENTATION_LAYER_ASSIGNMENT (  '', '', ( #1381 ) ) ;
#1085 = EDGE_CURVE ( 'NONE', #491, #51, #258, .T. ) ;
#1086 =( NAMED_UNIT ( * ) SI_UNIT ( $, .STERADIAN. ) SOLID_ANGLE_UNIT ( ) );
#1087 = CARTESIAN_POINT ( 'NONE',  ( -0.08499999999998998634, -0.5999999999999999778, 0.000000000000000000 ) ) ;
#1088 = VECTOR ( 'NONE', #499, 39.37007874015748143 ) ;
#1089 =( CONVERSION_BASED_UNIT ( 'INCH', #73 ) LENGTH_UNIT ( ) NAMED_UNIT ( #543 ) );
#1090 = VECTOR ( 'NONE', #1004, 39.37007874015748143 ) ;
#1091 = LINE ( 'NONE', #389, #1474 ) ;
#1092 = ORIENTED_EDGE ( 'NONE', *, *, #1108, .F. ) ;
#1093 = FACE_OUTER_BOUND ( 'NONE', #619, .T. ) ;
#1094 = ADVANCED_FACE ( 'NONE', ( #1093 ), #1808, .F. ) ;
#1095 = ORIENTED_EDGE ( 'NONE', *, *, #778, .F. ) ;
#1096 = CARTESIAN_POINT ( 'NONE',  ( 0.05999999999999999778, -0.5799999999999999600, -0.1849999999999999978 ) ) ;
#1097 =( CONVERSION_BASED_UNIT ( 'INCH', #685 ) LENGTH_UNIT ( ) NAMED_UNIT ( #972 ) );
#1098 = VECTOR ( 'NONE', #585, 39.37007874015748143 ) ;
#1099 = CARTESIAN_POINT ( 'NONE',  ( -0.05999999999999999778, -0.7449999999999999956, -0.1650000000000000078 ) ) ;
#1100 = ORIENTED_EDGE ( 'NONE', *, *, #453, .F. ) ;
#1101 = SURFACE_STYLE_USAGE ( .BOTH. , #939 ) ;
#1102 = ORIENTED_EDGE ( 'NONE', *, *, #335, .T. ) ;
#1103 = DIRECTION ( 'NONE',  ( 0.000000000000000000, 1.000000000000000000, 0.000000000000000000 ) ) ;
#1104 = CARTESIAN_POINT ( 'NONE',  ( -7.225416114969383331E-18, -0.1590000000000000024, 0.04400000000000001132 ) ) ;
#1105 = SURFACE_SIDE_STYLE ('',( #544 ) ) ;
#1106 = ORIENTED_EDGE ( 'NONE', *, *, #1130, .F. ) ;
#1107 = LINE ( 'NONE', #1827, #482 ) ;
#1108 = EDGE_CURVE ( 'NONE', #296, #443, #1518, .T. ) ;
#1109 = ORIENTED_EDGE ( 'NONE', *, *, #1611, .T. ) ;
#1110 = DIRECTION ( 'NONE',  ( -1.000000000000000000, -0.000000000000000000, -0.000000000000000000 ) ) ;
#1111 = CARTESIAN_POINT ( 'NONE',  ( -0.1179999999999999799, -0.04100000000000002254, 0.2799999999999998601 ) ) ;
#1112 = CARTESIAN_POINT ( 'NONE',  ( 0.04000000000000000083, -0.5799999999999999600, -0.1650000000000000078 ) ) ;
#1113 = VERTEX_POINT ( 'NONE', #1373 ) ;
#1114 = DIRECTION ( 'NONE',  ( 0.000000000000000000, -1.000000000000000000, -0.000000000000000000 ) ) ;
#1115 = CIRCLE ( 'NONE', #861, 0.05899999999999999689 ) ;
#1116 = ORIENTED_EDGE ( 'NONE', *, *, #588, .F. ) ;
#1117 = AXIS2_PLACEMENT_3D ( 'NONE', #743, #607, #1161 ) ;
#1118 = SURFACE_SIDE_STYLE ('',( #396 ) ) ;
#1119 = VECTOR ( 'NONE', #199, 39.37007874015748143 ) ;
#1120 = FILL_AREA_STYLE ('',( #1814 ) ) ;
#1121 = ORIENTED_EDGE ( 'NONE', *, *, #1726, .F. ) ;
#1122 = LINE ( 'NONE', #434, #573 ) ;
#1123 = VECTOR ( 'NONE', #813, 39.37007874015748143 ) ;
#1124 = ORIENTED_EDGE ( 'NONE', *, *, #1405, .F. ) ;
#1125 = CARTESIAN_POINT ( 'NONE',  ( -0.05899999999999999689, -0.2999999999999999889, 0.000000000000000000 ) ) ;
#1126 = AXIS2_PLACEMENT_3D ( 'NONE', #1504, #959, #502 ) ;
#1127 = AXIS2_PLACEMENT_3D ( 'NONE', #1792, #521, #961 ) ;
#1128 = DIRECTION ( 'NONE',  ( 1.000000000000000000, 0.000000000000000000, 0.000000000000000000 ) ) ;
#1129 = ORIENTED_EDGE ( 'NONE', *, *, #189, .T. ) ;
#1130 = EDGE_CURVE ( 'NONE', #920, #714, #1665, .T. ) ;
#1131 = ORIENTED_EDGE ( 'NONE', *, *, #568, .T. ) ;
#1132 = LINE ( 'NONE', #445, #387 ) ;
#1133 = LINE ( 'NONE', #459, #889 ) ;
#1134 = PRODUCT ( '564-0200-132F', '564-0200-132F', '', ( #1567 ) ) ;
#1135 = CYLINDRICAL_SURFACE ( 'NONE', #1378, 0.05899999999999999689 ) ;
#1136 = CARTESIAN_POINT ( 'NONE',  ( -0.1179999999999999799, -0.2409999999999999643, 0.2799999999999998601 ) ) ;
#1137 = ORIENTED_EDGE ( 'NONE', *, *, #1227, .F. ) ;
#1138 = DIRECTION ( 'NONE',  ( -0.000000000000000000, -0.000000000000000000, -1.000000000000000000 ) ) ;
#1139 = VERTEX_POINT ( 'NONE', #401 ) ;
#1140 = VECTOR ( 'NONE', #460, 39.37007874015748143 ) ;
#1141 = CARTESIAN_POINT ( 'NONE',  ( 0.05999999999999999778, -0.5799999999999999600, -0.3649999999999999911 ) ) ;
#1142 =( CONVERSION_BASED_UNIT ( 'INCH', #751 ) LENGTH_UNIT ( ) NAMED_UNIT ( #815 ) );
#1143 = CARTESIAN_POINT ( 'NONE',  ( -0.04000000000000000777, -0.5799999999999999600, 0.000000000000000000 ) ) ;
#1144 = COLOUR_RGB ( '',0.2980392156862745057, 0.2980392156862745057, 0.2980392156862745057 ) ;
#1145 = VECTOR ( 'NONE', #132, 39.37007874015748143 ) ;
#1146 = ORIENTED_EDGE ( 'NONE', *, *, #1679, .T. ) ;
#1147 = VERTEX_POINT ( 'NONE', #931 ) ;
#1148 = ORIENTED_EDGE ( 'NONE', *, *, #905, .F. ) ;
#1149 = DIRECTION ( 'NONE',  ( 1.000000000000000000, 0.000000000000000000, 0.000000000000000000 ) ) ;
#1150 = DIRECTION ( 'NONE',  ( 0.000000000000000000, 1.000000000000000000, -0.000000000000000000 ) ) ;
#1151 = CIRCLE ( 'NONE', #806, 0.05899999999999999689 ) ;
#1152 = CARTESIAN_POINT ( 'NONE',  ( -0.05999999999999999778, -0.5799999999999999600, -0.2650000000000000133 ) ) ;
#1153 = EDGE_CURVE ( 'NONE', #1113, #1644, #107, .T. ) ;
#1154 = CARTESIAN_POINT ( 'NONE',  ( 0.1179999999999999799, -0.3589999999999998748, 0.04400000000000001132 ) ) ;
#1155 = AXIS2_PLACEMENT_3D ( 'NONE', #1457, #37, #1738 ) ;
#1156 = ORIENTED_EDGE ( 'NONE', *, *, #1202, .F. ) ;
#1157 = EDGE_CURVE ( 'NONE', #1163, #1139, #952, .T. ) ;
#1158 = EDGE_CURVE ( 'NONE', #1113, #748, #786, .T. ) ;
#1159 = ORIENTED_EDGE ( 'NONE', *, *, #1800, .T. ) ;
#1160 = CARTESIAN_POINT ( 'NONE',  ( -0.04000000000000000083, -0.5799999999999999600, -0.2650000000000000133 ) ) ;
#1161 = DIRECTION ( 'NONE',  ( -1.000000000000000000, 0.000000000000000000, -0.000000000000000000 ) ) ;
#1162 = SURFACE_SIDE_STYLE ('',( #1300 ) ) ;
#1163 = VERTEX_POINT ( 'NONE', #836 ) ;
#1164 = CARTESIAN_POINT ( 'NONE',  ( 0.04000000000000000083, -0.7449999999999999956, -0.2650000000000000688 ) ) ;
#1165 = FACE_BOUND ( 'NONE', #1627, .T. ) ;
#1166 = PRESENTATION_LAYER_ASSIGNMENT (  '', '', ( #551 ) ) ;
#1167 = ORIENTED_EDGE ( 'NONE', *, *, #644, .F. ) ;
#1168 = EDGE_LOOP ( 'NONE', ( #737, #1796, #1372, #1349 ) ) ;
#1169 = PLANE ( 'NONE',  #1012 ) ;
#1170 =( NAMED_UNIT ( * ) SI_UNIT ( $, .STERADIAN. ) SOLID_ANGLE_UNIT ( ) );
#1171 = VECTOR ( 'NONE', #74, 39.37007874015748143 ) ;
#1172 = AXIS2_PLACEMENT_3D ( 'NONE', #1731, #874, #602 ) ;
#1173 =( LENGTH_UNIT ( ) NAMED_UNIT ( * ) SI_UNIT ( $, .METRE. ) );
#1174 = CIRCLE ( 'NONE', #1680, 0.05899999999999999689 ) ;
#1175 = SURFACE_STYLE_USAGE ( .BOTH. , #1454 ) ;
#1176 = CIRCLE ( 'NONE', #1265, 0.05899999999999999689 ) ;
#1177 = EDGE_LOOP ( 'NONE', ( #1585, #257, #1770, #713, #888 ) ) ;
#1178 = EDGE_CURVE ( 'NONE', #729, #150, #567, .T. ) ;
#1179 = ORIENTED_EDGE ( 'NONE', *, *, #666, .F. ) ;
#1180 = DIRECTION ( 'NONE',  ( 0.000000000000000000, 1.000000000000000000, -0.000000000000000000 ) ) ;
#1181 = CARTESIAN_POINT ( 'NONE',  ( 0.05999999999999999778, -0.5799999999999999600, -0.3850000000000000089 ) ) ;
#1182 = PLANE ( 'NONE',  #1694 ) ;
#1183 =( NAMED_UNIT ( * ) SI_UNIT ( $, .STERADIAN. ) SOLID_ANGLE_UNIT ( ) );
#1184 = LINE ( 'NONE', #790, #1119 ) ;
#1185 =( CONVERSION_BASED_UNIT ( 'INCH', #877 ) LENGTH_UNIT ( ) NAMED_UNIT ( #116 ) );
#1186 = PRODUCT_DEFINITION_CONTEXT ( 'detailed design', #1687, 'design' ) ;
#1187 = CARTESIAN_POINT ( 'NONE',  ( 0.05999999999999999778, -0.5799999999999999600, -0.2650000000000000133 ) ) ;
#1188 = VECTOR ( 'NONE', #663, 39.37007874015748143 ) ;
#1189 = ORIENTED_EDGE ( 'NONE', *, *, #1788, .F. ) ;
#1190 = CARTESIAN_POINT ( 'NONE',  ( -0.08499999999998998634, -0.5999999999999999778, 0.000000000000000000 ) ) ;
#1191 = CARTESIAN_POINT ( 'NONE',  ( 0.04000000000000000083, -0.7449999999999999956, -0.3850000000000000089 ) ) ;
#1192 =( NAMED_UNIT ( * ) PLANE_ANGLE_UNIT ( ) SI_UNIT ( $, .RADIAN. ) );
#1193 =( NAMED_UNIT ( * ) PLANE_ANGLE_UNIT ( ) SI_UNIT ( $, .RADIAN. ) );
#1194 = FACE_OUTER_BOUND ( 'NONE', #481, .T. ) ;
#1195 = DIRECTION ( 'NONE',  ( 0.000000000000000000, 0.000000000000000000, 1.000000000000000000 ) ) ;
#1196 =( NAMED_UNIT ( * ) SI_UNIT ( $, .STERADIAN. ) SOLID_ANGLE_UNIT ( ) );
#1197 = DIRECTION ( 'NONE',  ( 0.000000000000000000, 0.000000000000000000, -1.000000000000000000 ) ) ;
#1198 = ORIENTED_EDGE ( 'NONE', *, *, #416, .T. ) ;
#1199 =( NAMED_UNIT ( * ) SI_UNIT ( $, .STERADIAN. ) SOLID_ANGLE_UNIT ( ) );
#1200 = CARTESIAN_POINT ( 'NONE',  ( 0.05899999999999999689, -0.5000000000000000000, 0.000000000000000000 ) ) ;
#1201 = DIRECTION ( 'NONE',  ( 0.000000000000000000, 0.000000000000000000, 1.000000000000000000 ) ) ;
#1202 = EDGE_CURVE ( 'NONE', #824, #361, #135, .T. ) ;
#1203 = DIRECTION ( 'NONE',  ( 0.000000000000000000, -0.000000000000000000, -1.000000000000000000 ) ) ;
#1204 = ORIENTED_EDGE ( 'NONE', *, *, #115, .T. ) ;
#1205 = ADVANCED_FACE ( 'NONE', ( #1279 ), #848, .F. ) ;
#1206 =( GEOMETRIC_REPRESENTATION_CONTEXT ( 3 ) GLOBAL_UNCERTAINTY_ASSIGNED_CONTEXT ( ( #1748 ) ) GLOBAL_UNIT_ASSIGNED_CONTEXT ( ( #630, #1193, #1740 ) ) REPRESENTATION_CONTEXT ( 'NONE', 'WORKASPACE' ) );
#1207 = DIRECTION ( 'NONE',  ( 0.000000000000000000, -0.000000000000000000, -1.000000000000000000 ) ) ;
#1208 = DIRECTION ( 'NONE',  ( 1.000000000000000000, 0.000000000000000000, 0.000000000000000000 ) ) ;
#1209 =( GEOMETRIC_REPRESENTATION_CONTEXT ( 3 ) GLOBAL_UNCERTAINTY_ASSIGNED_CONTEXT ( ( #449 ) ) GLOBAL_UNIT_ASSIGNED_CONTEXT ( ( #875, #592, #448 ) ) REPRESENTATION_CONTEXT ( 'NONE', 'WORKASPACE' ) );
#1210 = FACE_OUTER_BOUND ( 'NONE', #870, .T. ) ;
#1211 = VECTOR ( 'NONE', #248, 39.37007874015748143 ) ;
#1212 = CARTESIAN_POINT ( 'NONE',  ( 0.05999999999999999778, -0.5799999999999999600, -0.3850000000000000089 ) ) ;
#1213 = ORIENTED_EDGE ( 'NONE', *, *, #26, .T. ) ;
#1214 = CIRCLE ( 'NONE', #423, 0.05899999999999999689 ) ;
#1215 = FACE_OUTER_BOUND ( 'NONE', #380, .T. ) ;
#1216 = EDGE_CURVE ( 'NONE', #18, #805, #869, .T. ) ;
#1217 = VERTEX_POINT ( 'NONE', #556 ) ;
#1218 = VECTOR ( 'NONE', #1056, 39.37007874015748143 ) ;
#1219 = EDGE_CURVE ( 'NONE', #1217, #1560, #1122, .T. ) ;
#1220 = MECHANICAL_DESIGN_GEOMETRIC_PRESENTATION_REPRESENTATION (  '', ( #662 ), #1695 ) ;
#1221 = CARTESIAN_POINT ( 'NONE',  ( 0.08500000000000999811, 0.000000000000000000, 0.000000000000000000 ) ) ;
#1222 = ORIENTED_EDGE ( 'NONE', *, *, #72, .F. ) ;
#1223 = DIRECTION ( 'NONE',  ( -0.000000000000000000, 0.000000000000000000, 1.000000000000000000 ) ) ;
#1224 = CARTESIAN_POINT ( 'NONE',  ( -0.05999999999999999778, -0.7449999999999999956, -0.1849999999999999978 ) ) ;
#1225 = ORIENTED_EDGE ( 'NONE', *, *, #1735, .T. ) ;
#1226 = DIRECTION ( 'NONE',  ( -0.000000000000000000, 0.000000000000000000, -1.000000000000000000 ) ) ;
#1227 = EDGE_CURVE ( 'NONE', #417, #570, #871, .T. ) ;
#1228 = DIRECTION ( 'NONE',  ( 0.000000000000000000, 0.000000000000000000, 1.000000000000000000 ) ) ;
#1229 = EDGE_LOOP ( 'NONE', ( #339, #1791, #5, #1007 ) ) ;
#1230 = FILL_AREA_STYLE ('',( #825 ) ) ;
#1231 = EDGE_LOOP ( 'NONE', ( #997, #876, #975, #356 ) ) ;
#1232 = CARTESIAN_POINT ( 'NONE',  ( -0.05999999999999999778, -0.5799999999999999600, -0.1650000000000000078 ) ) ;
#1233 = CARTESIAN_POINT ( 'NONE',  ( -0.1179999999999999660, -0.04100000000000002254, 0.04399999999999998357 ) ) ;
#1234 = SURFACE_STYLE_FILL_AREA ( #103 ) ;
#1235 = AXIS2_PLACEMENT_3D ( 'NONE', #1036, #1598, #330 ) ;
#1236 = SURFACE_STYLE_USAGE ( .BOTH. , #1105 ) ;
#1237 = VECTOR ( 'NONE', #524, 39.37007874015748143 ) ;
#1238 = DIMENSIONAL_EXPONENTS ( 1.000000000000000000, 0.000000000000000000, 0.000000000000000000, 0.000000000000000000, 0.000000000000000000, 0.000000000000000000, 0.000000000000000000 ) ;
#1239 = SURFACE_STYLE_FILL_AREA ( #816 ) ;
#1240 = ORIENTED_EDGE ( 'NONE', *, *, #44, .T. ) ;
#1241 = DIRECTION ( 'NONE',  ( -1.000000000000000000, 0.000000000000000000, 0.000000000000000000 ) ) ;
#1242 = EDGE_LOOP ( 'NONE', ( #1320, #1562, #900, #1121 ) ) ;
#1243 = CARTESIAN_POINT ( 'NONE',  ( -0.1179999999999999799, -0.1590000000000000024, 0.2799999999999998601 ) ) ;
#1244 = CARTESIAN_POINT ( 'NONE',  ( -0.08499999999998998634, -0.5999999999999999778, -0.4550000000000000155 ) ) ;
#1245 = CARTESIAN_POINT ( 'NONE',  ( -0.05899999999999999689, -0.2999999999999999889, -0.005150000000000000064 ) ) ;
#1246 = EDGE_CURVE ( 'NONE', #1391, #190, #722, .T. ) ;
#1247 =( GEOMETRIC_REPRESENTATION_CONTEXT ( 3 ) GLOBAL_UNCERTAINTY_ASSIGNED_CONTEXT ( ( #846 ) ) GLOBAL_UNIT_ASSIGNED_CONTEXT ( ( #118, #143, #986 ) ) REPRESENTATION_CONTEXT ( 'NONE', 'WORKASPACE' ) );
#1248 = ORIENTED_EDGE ( 'NONE', *, *, #1260, .F. ) ;
#1249 = PRESENTATION_STYLE_ASSIGNMENT (( #1854 ) ) ;
#1250 = VERTEX_POINT ( 'NONE', #1710 ) ;
#1251 = LENGTH_MEASURE_WITH_UNIT ( LENGTH_MEASURE( 0.02539999999999999897 ), #541 );
#1252 = FACE_BOUND ( 'NONE', #137, .T. ) ;
#1253 = VECTOR ( 'NONE', #1728, 39.37007874015748143 ) ;
#1254 = FACE_OUTER_BOUND ( 'NONE', #819, .T. ) ;
#1255 = EDGE_LOOP ( 'NONE', ( #1213, #723, #1829, #1022 ) ) ;
#1256 = CARTESIAN_POINT ( 'NONE',  ( 0.000000000000000000, -0.5999999999999999778, 0.000000000000000000 ) ) ;
#1257 = ORIENTED_EDGE ( 'NONE', *, *, #992, .F. ) ;
#1258 = VECTOR ( 'NONE', #1747, 39.37007874015748143 ) ;
#1259 = DIRECTION ( 'NONE',  ( 1.000000000000000000, 0.000000000000000000, -0.000000000000000000 ) ) ;
#1260 = EDGE_CURVE ( 'NONE', #547, #1644, #1400, .T. ) ;
#1261 = ORIENTED_EDGE ( 'NONE', *, *, #359, .T. ) ;
#1262 = DIRECTION ( 'NONE',  ( 1.000000000000000000, 0.000000000000000000, 0.000000000000000000 ) ) ;
#1263 = VERTEX_POINT ( 'NONE', #285 ) ;
#1264 = ORIENTED_EDGE ( 'NONE', *, *, #226, .F. ) ;
#1265 = AXIS2_PLACEMENT_3D ( 'NONE', #1429, #1438, #20 ) ;
#1266 = CARTESIAN_POINT ( 'NONE',  ( 0.000000000000000000, 0.000000000000000000, 0.000000000000000000 ) ) ;
#1267 =( NAMED_UNIT ( * ) PLANE_ANGLE_UNIT ( ) SI_UNIT ( $, .RADIAN. ) );
#1268 = STYLED_ITEM ( 'NONE', ( #1668 ), #1751 ) ;
#1269 = DIRECTION ( 'NONE',  ( 0.000000000000000000, -1.000000000000000000, 0.000000000000000000 ) ) ;
#1270 = EDGE_CURVE ( 'NONE', #1263, #1571, #1816, .T. ) ;
#1271 = ORIENTED_EDGE ( 'NONE', *, *, #628, .T. ) ;
#1272 = COLOUR_RGB ( '',0.2980392156862745057, 0.2980392156862745057, 0.2980392156862745057 ) ;
#1273 = ORIENTED_EDGE ( 'NONE', *, *, #1679, .F. ) ;
#1274 = CYLINDRICAL_SURFACE ( 'NONE', #321, 0.05899999999999999689 ) ;
#1275 = DIRECTION ( 'NONE',  ( 1.000000000000000000, 0.000000000000000000, -0.000000000000000000 ) ) ;
#1276 = UNCERTAINTY_MEASURE_WITH_UNIT (LENGTH_MEASURE( 1.000000000000000082E-05 ), #1480, 'distance_accuracy_value', 'NONE');
#1277 = EDGE_LOOP ( 'NONE', ( #1637, #1708, #747, #1116 ) ) ;
#1278 = EDGE_CURVE ( 'NONE', #756, #697, #1107, .T. ) ;
#1279 = FACE_OUTER_BOUND ( 'NONE', #59, .T. ) ;
#1280 = ORIENTED_EDGE ( 'NONE', *, *, #896, .F. ) ;
#1281 = CARTESIAN_POINT ( 'NONE',  ( -0.05999999999999999778, -0.5799999999999999600, -0.1650000000000000078 ) ) ;
#1282 = CARTESIAN_POINT ( 'NONE',  ( -0.1179999999999999799, -0.2409999999999999920, 0.04399999999999998357 ) ) ;
#1283 = ORIENTED_EDGE ( 'NONE', *, *, #1292, .F. ) ;
#1284 = ORIENTED_EDGE ( 'NONE', *, *, #1392, .F. ) ;
#1285 = ORIENTED_EDGE ( 'NONE', *, *, #1735, .F. ) ;
#1286 =( GEOMETRIC_REPRESENTATION_CONTEXT ( 3 ) GLOBAL_UNCERTAINTY_ASSIGNED_CONTEXT ( ( #1690 ) ) GLOBAL_UNIT_ASSIGNED_CONTEXT ( ( #479, #180, #1010 ) ) REPRESENTATION_CONTEXT ( 'NONE', 'WORKASPACE' ) );
#1287 = LINE ( 'NONE', #1556, #711 ) ;
#1288 = ADVANCED_FACE ( 'NONE', ( #407 ), #976, .T. ) ;
#1289 = DIRECTION ( 'NONE',  ( 1.000000000000000000, 0.000000000000000000, 0.000000000000000000 ) ) ;
#1290 = MECHANICAL_DESIGN_GEOMETRIC_PRESENTATION_REPRESENTATION (  '', ( #1442 ), #1626 ) ;
#1291 = CARTESIAN_POINT ( 'NONE',  ( -0.1179999999999999799, -0.3589999999999998748, 0.04399999999999998357 ) ) ;
#1292 = EDGE_CURVE ( 'NONE', #547, #748, #1578, .T. ) ;
#1293 = PRESENTATION_LAYER_ASSIGNMENT (  '', '', ( #267 ) ) ;
#1294 = AXIS2_PLACEMENT_3D ( 'NONE', #381, #1640, #1508 ) ;
#1295 = ORIENTED_EDGE ( 'NONE', *, *, #1726, .T. ) ;
#1296 = EDGE_CURVE ( 'NONE', #1507, #1163, #1614, .T. ) ;
#1297 = ORIENTED_EDGE ( 'NONE', *, *, #457, .F. ) ;
#1298 = LINE ( 'NONE', #892, #694 ) ;
#1299 = CARTESIAN_POINT ( 'NONE',  ( -0.05999999999999999778, -0.5799999999999999600, -0.3649999999999999911 ) ) ;
#1300 = SURFACE_STYLE_FILL_AREA ( #1581 ) ;
#1301 = DIRECTION ( 'NONE',  ( 0.000000000000000000, 0.000000000000000000, 1.000000000000000000 ) ) ;
#1302 = VERTEX_POINT ( 'NONE', #200 ) ;
#1303 = ORIENTED_EDGE ( 'NONE', *, *, #801, .T. ) ;
#1304 = CARTESIAN_POINT ( 'NONE',  ( -8.128593129340558943E-18, -0.5589999999999999414, 0.04399999999999999745 ) ) ;
#1305 = SURFACE_STYLE_USAGE ( .BOTH. , #185 ) ;
#1306 =( LENGTH_UNIT ( ) NAMED_UNIT ( * ) SI_UNIT ( $, .METRE. ) );
#1307 = EDGE_CURVE ( 'NONE', #809, #17, #1151, .T. ) ;
#1308 = CARTESIAN_POINT ( 'NONE',  ( 0.04000000000000000083, -0.5799999999999999600, -0.3850000000000000089 ) ) ;
#1309 = UNCERTAINTY_MEASURE_WITH_UNIT (LENGTH_MEASURE( 1.000000000000000082E-05 ), #934, 'distance_accuracy_value', 'NONE');
#1310 = ORIENTED_EDGE ( 'NONE', *, *, #1153, .F. ) ;
#1311 = CARTESIAN_POINT ( 'NONE',  ( 0.05899999999999999689, -0.2999999999999999889, 0.000000000000000000 ) ) ;
#1312 = DIRECTION ( 'NONE',  ( 0.000000000000000000, 0.000000000000000000, 1.000000000000000000 ) ) ;
#1313 = PRESENTATION_STYLE_ASSIGNMENT (( #1305 ) ) ;
#1314 = VECTOR ( 'NONE', #757, 39.37007874015748143 ) ;
#1315 = VECTOR ( 'NONE', #831, 39.37007874015748143 ) ;
#1316 = LINE ( 'NONE', #1744, #964 ) ;
#1317 = FACE_OUTER_BOUND ( 'NONE', #909, .T. ) ;
#1318 =( NAMED_UNIT ( * ) PLANE_ANGLE_UNIT ( ) SI_UNIT ( $, .RADIAN. ) );
#1319 = APPLICATION_PROTOCOL_DEFINITION ( 'draft international standard', 'automotive_design', 1998, #1687 ) ;
#1320 = ORIENTED_EDGE ( 'NONE', *, *, #300, .T. ) ;
#1321 =( GEOMETRIC_REPRESENTATION_CONTEXT ( 3 ) GLOBAL_UNCERTAINTY_ASSIGNED_CONTEXT ( ( #1768 ) ) GLOBAL_UNIT_ASSIGNED_CONTEXT ( ( #664, #1469, #761 ) ) REPRESENTATION_CONTEXT ( 'NONE', 'WORKASPACE' ) );
#1322 = LINE ( 'NONE', #43, #30 ) ;
#1323 = DIRECTION ( 'NONE',  ( -0.000000000000000000, -0.000000000000000000, -1.000000000000000000 ) ) ;
#1324 = PLANE ( 'NONE',  #1155 ) ;
#1325 = CARTESIAN_POINT ( 'NONE',  ( 0.06500000000000000222, -0.5799999999999999600, -0.4550000000000000155 ) ) ;
#1326 = PRESENTATION_LAYER_ASSIGNMENT (  '', '', ( #1448 ) ) ;
#1327 = DIRECTION ( 'NONE',  ( 1.000000000000000000, 0.000000000000000000, 0.000000000000000000 ) ) ;
#1328 = UNCERTAINTY_MEASURE_WITH_UNIT (LENGTH_MEASURE( 1.000000000000000082E-05 ), #956, 'distance_accuracy_value', 'NONE');
#1329 = LINE ( 'NONE', #1224, #360 ) ;
#1330 = ORIENTED_EDGE ( 'NONE', *, *, #1278, .F. ) ;
#1331 = LINE ( 'NONE', #1773, #1088 ) ;
#1332 = CARTESIAN_POINT ( 'NONE',  ( 0.05999999999999999778, -0.5799999999999999600, -0.2849999999999999756 ) ) ;
#1333 = ADVANCED_FACE ( 'NONE', ( #49 ), #1787, .F. ) ;
#1334 = DIRECTION ( 'NONE',  ( 0.000000000000000000, 1.000000000000000000, 0.000000000000000000 ) ) ;
#1335 = PRODUCT_DEFINITION ( 'UNKNOWN', '', #1840, #1186 ) ;
#1336 = CARTESIAN_POINT ( 'NONE',  ( 0.05999999999999999778, -0.5799999999999999600, -0.2650000000000000133 ) ) ;
#1337 = ORIENTED_EDGE ( 'NONE', *, *, #1685, .F. ) ;
#1338 = MECHANICAL_DESIGN_GEOMETRIC_PRESENTATION_REPRESENTATION (  '', ( #551 ), #1645 ) ;
#1339 = PLANE ( 'NONE',  #1126 ) ;
#1340 = DIRECTION ( 'NONE',  ( 0.000000000000000000, -0.000000000000000000, -1.000000000000000000 ) ) ;
#1341 = LENGTH_MEASURE_WITH_UNIT ( LENGTH_MEASURE( 0.02539999999999999897 ), #76 );
#1342 = EDGE_CURVE ( 'NONE', #695, #1217, #346, .T. ) ;
#1343 = CARTESIAN_POINT ( 'NONE',  ( -0.04000000000000000083, -0.5799999999999999600, -0.1650000000000000078 ) ) ;
#1344 = COLOUR_RGB ( '',1.000000000000000000, 0.9372549019607843146, 0.1372549019607843257 ) ;
#1345 = CYLINDRICAL_SURFACE ( 'NONE', #1582, 0.05899999999999999689 ) ;
#1346 = ADVANCED_FACE ( 'NONE', ( #1513 ), #388, .T. ) ;
#1347 = DIRECTION ( 'NONE',  ( 0.000000000000000000, 0.000000000000000000, 1.000000000000000000 ) ) ;
#1348 = VECTOR ( 'NONE', #522, 39.37007874015748143 ) ;
#1349 = ORIENTED_EDGE ( 'NONE', *, *, #640, .F. ) ;
#1350 = VECTOR ( 'NONE', #750, 39.37007874015748143 ) ;
#1351 =( LENGTH_UNIT ( ) NAMED_UNIT ( * ) SI_UNIT ( $, .METRE. ) );
#1352 =( GEOMETRIC_REPRESENTATION_CONTEXT ( 3 ) GLOBAL_UNCERTAINTY_ASSIGNED_CONTEXT ( ( #634 ) ) GLOBAL_UNIT_ASSIGNED_CONTEXT ( ( #271, #1267, #840 ) ) REPRESENTATION_CONTEXT ( 'NONE', 'WORKASPACE' ) );
#1353 = CARTESIAN_POINT ( 'NONE',  ( 0.05999999999999999778, -0.5799999999999999600, 0.000000000000000000 ) ) ;
#1354 = EDGE_LOOP ( 'NONE', ( #1525, #392, #1284, #221 ) ) ;
#1355 = LINE ( 'NONE', #1605, #331 ) ;
#1356 = LINE ( 'NONE', #80, #1258 ) ;
#1357 = VECTOR ( 'NONE', #1630, 39.37007874015748143 ) ;
#1358 = DIRECTION ( 'NONE',  ( 0.000000000000000000, -1.000000000000000000, 0.000000000000000000 ) ) ;
#1359 = VERTEX_POINT ( 'NONE', #791 ) ;
#1360 = VECTOR ( 'NONE', #625, 39.37007874015748143 ) ;
#1361 = VECTOR ( 'NONE', #99, 39.37007874015748143 ) ;
#1362 = DIRECTION ( 'NONE',  ( 1.000000000000000000, 0.000000000000000000, -0.000000000000000000 ) ) ;
#1363 = ORIENTED_EDGE ( 'NONE', *, *, #300, .F. ) ;
#1364 =( CONVERSION_BASED_UNIT ( 'INCH', #1341 ) LENGTH_UNIT ( ) NAMED_UNIT ( #674 ) );
#1365 = ORIENTED_EDGE ( 'NONE', *, *, #1158, .F. ) ;
#1366 = DIRECTION ( 'NONE',  ( -0.000000000000000000, -0.000000000000000000, -1.000000000000000000 ) ) ;
#1367 = SURFACE_STYLE_USAGE ( .BOTH. , #699 ) ;
#1368 = PLANE ( 'NONE',  #1388 ) ;
#1369 = EDGE_CURVE ( 'NONE', #1434, #1701, #83, .T. ) ;
#1370 = LINE ( 'NONE', #414, #832 ) ;
#1371 = CARTESIAN_POINT ( 'NONE',  ( -8.128593129340557403E-18, -0.1590000000000000024, 0.04399999999999999745 ) ) ;
#1372 = ORIENTED_EDGE ( 'NONE', *, *, #955, .F. ) ;
#1373 = CARTESIAN_POINT ( 'NONE',  ( -0.05999999999999999778, -0.5799999999999999600, -0.2849999999999999756 ) ) ;
#1374 = ORIENTED_EDGE ( 'NONE', *, *, #1219, .T. ) ;
#1375 = DIRECTION ( 'NONE',  ( 1.000000000000000000, 0.000000000000000000, 0.000000000000000000 ) ) ;
#1376 = SURFACE_SIDE_STYLE ('',( #1234 ) ) ;
#1377 = CARTESIAN_POINT ( 'NONE',  ( 0.04000000000000000083, -0.5799999999999999600, -0.1849999999999999978 ) ) ;
#1378 = AXIS2_PLACEMENT_3D ( 'NONE', #337, #1301, #1432 ) ;
#1379 = ORIENTED_EDGE ( 'NONE', *, *, #1844, .F. ) ;
#1380 = VECTOR ( 'NONE', #1785, 39.37007874015748143 ) ;
#1381 = STYLED_ITEM ( 'NONE', ( #210 ), #355 ) ;
#1382 = ORIENTED_EDGE ( 'NONE', *, *, #1227, .T. ) ;
#1383 = CARTESIAN_POINT ( 'NONE',  ( -0.08499999999998998634, 0.000000000000000000, -0.4550000000000000155 ) ) ;
#1384 = STYLED_ITEM ( 'NONE', ( #399 ), #218 ) ;
#1385 =( CONVERSION_BASED_UNIT ( 'INCH', #828 ) LENGTH_UNIT ( ) NAMED_UNIT ( #984 ) );
#1386 = DIMENSIONAL_EXPONENTS ( 1.000000000000000000, 0.000000000000000000, 0.000000000000000000, 0.000000000000000000, 0.000000000000000000, 0.000000000000000000, 0.000000000000000000 ) ;
#1387 = CARTESIAN_POINT ( 'NONE',  ( 7.225416114969383331E-18, -0.5589999999999999414, 0.04399999999999999745 ) ) ;
#1388 = AXIS2_PLACEMENT_3D ( 'NONE', #1795, #1197, #495 ) ;
#1389 = VERTEX_POINT ( 'NONE', #1078 ) ;
#1390 = LENGTH_MEASURE_WITH_UNIT ( LENGTH_MEASURE( 0.02539999999999999897 ), #1569 );
#1391 = VERTEX_POINT ( 'NONE', #1087 ) ;
#1392 = EDGE_CURVE ( 'NONE', #1560, #1250, #220, .T. ) ;
#1393 = LINE ( 'NONE', #1096, #1501 ) ;
#1394 = FACE_OUTER_BOUND ( 'NONE', #1659, .T. ) ;
#1395 = AXIS2_PLACEMENT_3D ( 'NONE', #195, #206, #19 ) ;
#1396 = ADVANCED_FACE ( 'NONE', ( #212 ), #514, .F. ) ;
#1397 = DIRECTION ( 'NONE',  ( -0.000000000000000000, -0.000000000000000000, -1.000000000000000000 ) ) ;
#1398 =( NAMED_UNIT ( * ) SI_UNIT ( $, .STERADIAN. ) SOLID_ANGLE_UNIT ( ) );
#1399 = ORIENTED_EDGE ( 'NONE', *, *, #894, .T. ) ;
#1400 = LINE ( 'NONE', #1553, #958 ) ;
#1401 = ORIENTED_EDGE ( 'NONE', *, *, #620, .F. ) ;
#1402 = DIRECTION ( 'NONE',  ( 0.000000000000000000, 0.000000000000000000, 1.000000000000000000 ) ) ;
#1403 = LENGTH_MEASURE_WITH_UNIT ( LENGTH_MEASURE( 0.02539999999999999897 ), #966 );
#1404 = EDGE_CURVE ( 'NONE', #904, #91, #489, .T. ) ;
#1405 = EDGE_CURVE ( 'NONE', #977, #1147, #774, .T. ) ;
#1406 = AXIS2_PLACEMENT_3D ( 'NONE', #901, #1054, #194 ) ;
#1407 = VERTEX_POINT ( 'NONE', #50 ) ;
#1408 = MECHANICAL_DESIGN_GEOMETRIC_PRESENTATION_REPRESENTATION (  '', ( #948 ), #1467 ) ;
#1409 = DIRECTION ( 'NONE',  ( -1.000000000000000000, -0.000000000000000000, -0.000000000000000000 ) ) ;
#1410 = AXIS2_PLACEMENT_3D ( 'NONE', #1299, #1017, #581 ) ;
#1411 = ORIENTED_EDGE ( 'NONE', *, *, #529, .F. ) ;
#1412 = CARTESIAN_POINT ( 'NONE',  ( -0.04000000000000000083, -0.5799999999999999600, -0.1849999999999999978 ) ) ;
#1413 = CARTESIAN_POINT ( 'NONE',  ( 0.000000000000000000, -0.1000000000000000056, 0.04399999999999999745 ) ) ;
#1414 = AXIS2_PLACEMENT_3D ( 'NONE', #1439, #994, #11 ) ;
#1415 = LINE ( 'NONE', #404, #558 ) ;
#1416 = EDGE_CURVE ( 'NONE', #152, #361, #1329, .T. ) ;
#1417 = CARTESIAN_POINT ( 'NONE',  ( 0.000000000000000000, -0.2409999999999999920, 0.04399999999999999745 ) ) ;
#1418 = ORIENTED_EDGE ( 'NONE', *, *, #12, .T. ) ;
#1419 = PRESENTATION_LAYER_ASSIGNMENT (  '', '', ( #111 ) ) ;
#1420 = VERTEX_POINT ( 'NONE', #1068 ) ;
#1421 = PLANE ( 'NONE',  #1833 ) ;
#1422 = LINE ( 'NONE', #882, #738 ) ;
#1423 = DIRECTION ( 'NONE',  ( 1.000000000000000000, 0.000000000000000000, -0.000000000000000000 ) ) ;
#1424 = ORIENTED_EDGE ( 'NONE', *, *, #1404, .T. ) ;
#1425 = EDGE_LOOP ( 'NONE', ( #100, #1492, #671, #1534 ) ) ;
#1426 = CARTESIAN_POINT ( 'NONE',  ( 0.000000000000000000, -0.7449999999999999956, -0.1849999999999999978 ) ) ;
#1427 = ADVANCED_FACE ( 'NONE', ( #1652 ), #1778, .T. ) ;
#1428 = EDGE_LOOP ( 'NONE', ( #98, #117, #1834, #1204 ) ) ;
#1429 = CARTESIAN_POINT ( 'NONE',  ( 0.000000000000000000, -0.5000000000000000000, 0.000000000000000000 ) ) ;
#1430 = CARTESIAN_POINT ( 'NONE',  ( 2.709531043113519134E-18, -0.4410000000000000031, 0.04399999999999999745 ) ) ;
#1431 = ADVANCED_FACE ( 'NONE', ( #655 ), #1368, .T. ) ;
#1432 = DIRECTION ( 'NONE',  ( 1.000000000000000000, 0.000000000000000000, 0.000000000000000000 ) ) ;
#1433 = LENGTH_MEASURE_WITH_UNIT ( LENGTH_MEASURE( 0.02539999999999999897 ), #301 );
#1434 = VERTEX_POINT ( 'NONE', #1059 ) ;
#1435 = CARTESIAN_POINT ( 'NONE',  ( 0.000000000000000000, -0.5000000000000000000, -0.005150000000000000064 ) ) ;
#1436 = EDGE_LOOP ( 'NONE', ( #1715, #126, #1271, #1607 ) ) ;
#1437 = CARTESIAN_POINT ( 'NONE',  ( 0.05999999999999999778, -0.5799999999999999600, -0.1650000000000000078 ) ) ;
#1438 = DIRECTION ( 'NONE',  ( -0.000000000000000000, -0.000000000000000000, -1.000000000000000000 ) ) ;
#1439 = CARTESIAN_POINT ( 'NONE',  ( -0.05999999999999999778, -0.5799999999999999600, -0.3850000000000000089 ) ) ;
#1440 =( GEOMETRIC_REPRESENTATION_CONTEXT ( 3 ) GLOBAL_UNCERTAINTY_ASSIGNED_CONTEXT ( ( #746 ) ) GLOBAL_UNIT_ASSIGNED_CONTEXT ( ( #1385, #572, #1698 ) ) REPRESENTATION_CONTEXT ( 'NONE', 'WORKASPACE' ) );
#1441 = LINE ( 'NONE', #317, #1736 ) ;
#1442 = STYLED_ITEM ( 'NONE', ( #431 ), #316 ) ;
#1443 = CARTESIAN_POINT ( 'NONE',  ( 0.05999999999999999778, -0.5799999999999999600, -0.3649999999999999911 ) ) ;
#1444 = UNCERTAINTY_MEASURE_WITH_UNIT (LENGTH_MEASURE( 1.000000000000000082E-05 ), #1185, 'distance_accuracy_value', 'NONE');
#1445 = VERTEX_POINT ( 'NONE', #94 ) ;
#1446 = EDGE_LOOP ( 'NONE', ( #1789, #1374, #1225, #322 ) ) ;
#1447 = CARTESIAN_POINT ( 'NONE',  ( 0.04000000000000000083, -0.5799999999999999600, -0.3649999999999999911 ) ) ;
#1448 = STYLED_ITEM ( 'NONE', ( #916 ), #1288 ) ;
#1449 = DIRECTION ( 'NONE',  ( 0.000000000000000000, 0.000000000000000000, -1.000000000000000000 ) ) ;
#1450 =( LENGTH_UNIT ( ) NAMED_UNIT ( * ) SI_UNIT ( $, .METRE. ) );
#1451 = VECTOR ( 'NONE', #1110, 39.37007874015748143 ) ;
#1452 = COLOUR_RGB ( '',0.2980392156862745057, 0.2980392156862745057, 0.2980392156862745057 ) ;
#1453 = DIRECTION ( 'NONE',  ( 0.000000000000000000, 0.000000000000000000, 1.000000000000000000 ) ) ;
#1454 = SURFACE_SIDE_STYLE ('',( #328 ) ) ;
#1455 = ORIENTED_EDGE ( 'NONE', *, *, #703, .T. ) ;
#1456 = LINE ( 'NONE', #183, #1314 ) ;
#1457 = CARTESIAN_POINT ( 'NONE',  ( 0.000000000000000000, -0.7449999999999999956, -0.1000000000000000056 ) ) ;
#1458 = DIRECTION ( 'NONE',  ( 0.000000000000000000, -1.000000000000000000, -0.000000000000000000 ) ) ;
#1459 =( LENGTH_UNIT ( ) NAMED_UNIT ( * ) SI_UNIT ( $, .METRE. ) );
#1460 = DIRECTION ( 'NONE',  ( 0.000000000000000000, 0.000000000000000000, -1.000000000000000000 ) ) ;
#1461 = CARTESIAN_POINT ( 'NONE',  ( 0.08500000000000999811, -0.5999999999999999778, 0.000000000000000000 ) ) ;
#1462 = EDGE_CURVE ( 'NONE', #528, #151, #1214, .T. ) ;
#1463 = DIRECTION ( 'NONE',  ( -1.000000000000000000, -0.000000000000000000, 0.000000000000000000 ) ) ;
#1464 = ORIENTED_EDGE ( 'NONE', *, *, #720, .F. ) ;
#1465 = DIRECTION ( 'NONE',  ( 0.000000000000000000, -1.000000000000000000, -0.000000000000000000 ) ) ;
#1466 = LINE ( 'NONE', #1181, #412 ) ;
#1467 =( GEOMETRIC_REPRESENTATION_CONTEXT ( 3 ) GLOBAL_UNCERTAINTY_ASSIGNED_CONTEXT ( ( #432 ) ) GLOBAL_UNIT_ASSIGNED_CONTEXT ( ( #561, #281, #702 ) ) REPRESENTATION_CONTEXT ( 'NONE', 'WORKASPACE' ) );
#1468 = LINE ( 'NONE', #631, #175 ) ;
#1469 =( NAMED_UNIT ( * ) PLANE_ANGLE_UNIT ( ) SI_UNIT ( $, .RADIAN. ) );
#1470 = ADVANCED_FACE ( 'NONE', ( #1215 ), #1624, .F. ) ;
#1471 = CARTESIAN_POINT ( 'NONE',  ( -0.04000000000000000083, -0.5799999999999999600, -0.1849999999999999978 ) ) ;
#1472 = ORIENTED_EDGE ( 'NONE', *, *, #1625, .T. ) ;
#1473 = FACE_OUTER_BOUND ( 'NONE', #613, .T. ) ;
#1474 = VECTOR ( 'NONE', #1656, 39.37007874015748143 ) ;
#1475 = LINE ( 'NONE', #1191, #1499 ) ;
#1476 = FACE_OUTER_BOUND ( 'NONE', #721, .T. ) ;
#1477 = FACE_OUTER_BOUND ( 'NONE', #796, .T. ) ;
#1478 = DIRECTION ( 'NONE',  ( 1.000000000000000000, 0.000000000000000000, 0.000000000000000000 ) ) ;
#1479 = AXIS2_PLACEMENT_3D ( 'NONE', #1336, #69, #635 ) ;
#1480 =( CONVERSION_BASED_UNIT ( 'INCH', #40 ) LENGTH_UNIT ( ) NAMED_UNIT ( #569 ) );
#1481 = CARTESIAN_POINT ( 'NONE',  ( 0.000000000000000000, -0.7449999999999999956, 0.000000000000000000 ) ) ;
#1482 = EDGE_LOOP ( 'NONE', ( #686, #406, #34, #752 ) ) ;
#1483 = PRESENTATION_LAYER_ASSIGNMENT (  '', '', ( #456 ) ) ;
#1484 = PLANE ( 'NONE',  #225 ) ;
#1485 = EDGE_CURVE ( 'NONE', #1023, #75, #926, .T. ) ;
#1486 = EDGE_CURVE ( 'NONE', #367, #296, #506, .T. ) ;
#1487 = FACE_OUTER_BOUND ( 'NONE', #1425, .T. ) ;
#1488 = DIRECTION ( 'NONE',  ( 0.000000000000000000, 1.000000000000000000, 0.000000000000000000 ) ) ;
#1489 = ADVANCED_FACE ( 'NONE', ( #366 ), #517, .T. ) ;
#1490 = CARTESIAN_POINT ( 'NONE',  ( 0.000000000000000000, -0.1000000000000000056, 0.04399999999999999745 ) ) ;
#1491 = EDGE_CURVE ( 'NONE', #127, #75, #1415, .T. ) ;
#1492 = ORIENTED_EDGE ( 'NONE', *, *, #1405, .T. ) ;
#1493 = DIRECTION ( 'NONE',  ( 1.000000000000000000, -0.000000000000000000, 0.000000000000000000 ) ) ;
#1494 = ORIENTED_EDGE ( 'NONE', *, *, #65, .F. ) ;
#1495 = SURFACE_STYLE_FILL_AREA ( #1654 ) ;
#1496 = DIRECTION ( 'NONE',  ( 1.000000000000000000, 0.000000000000000000, 0.000000000000000000 ) ) ;
#1497 = CARTESIAN_POINT ( 'NONE',  ( 0.04000000000000000083, -0.7449999999999999956, 0.000000000000000000 ) ) ;
#1498 = CARTESIAN_POINT ( 'NONE',  ( 0.04000000000000000083, -0.7449999999999999956, -0.1849999999999999978 ) ) ;
#1499 = VECTOR ( 'NONE', #767, 39.37007874015748143 ) ;
#1500 = DIRECTION ( 'NONE',  ( -0.000000000000000000, -0.000000000000000000, -1.000000000000000000 ) ) ;
#1501 = VECTOR ( 'NONE', #691, 39.37007874015748143 ) ;
#1502 = VERTEX_POINT ( 'NONE', #1530 ) ;
#1503 = COLOUR_RGB ( '',0.6941176470588235059, 0.09803921568627450844, 0.09803921568627450844 ) ;
#1504 = CARTESIAN_POINT ( 'NONE',  ( -0.06500000000000000222, -0.5799999999999999600, 0.000000000000000000 ) ) ;
#1505 = MECHANICAL_DESIGN_GEOMETRIC_PRESENTATION_REPRESENTATION (  '', ( #263 ), #980 ) ;
#1506 = PLANE ( 'NONE',  #192 ) ;
#1507 = VERTEX_POINT ( 'NONE', #988 ) ;
#1508 = DIRECTION ( 'NONE',  ( 1.000000000000000000, 0.000000000000000000, 0.000000000000000000 ) ) ;
#1509 = ORIENTED_EDGE ( 'NONE', *, *, #845, .F. ) ;
#1510 = DIRECTION ( 'NONE',  ( 0.000000000000000000, 1.000000000000000000, -0.000000000000000000 ) ) ;
#1511 = EDGE_CURVE ( 'NONE', #1545, #1718, #1587, .T. ) ;
#1512 = FACE_BOUND ( 'NONE', #1242, .T. ) ;
#1513 = FACE_OUTER_BOUND ( 'NONE', #1070, .T. ) ;
#1514 =( LENGTH_UNIT ( ) NAMED_UNIT ( * ) SI_UNIT ( $, .METRE. ) );
#1515 = AXIS2_PLACEMENT_3D ( 'NONE', #906, #511, #780 ) ;
#1516 = FILL_AREA_STYLE_COLOUR ( '', #599 ) ;
#1517 = ORIENTED_EDGE ( 'NONE', *, *, #1462, .F. ) ;
#1518 = LINE ( 'NONE', #250, #333 ) ;
#1519 = ORIENTED_EDGE ( 'NONE', *, *, #1491, .F. ) ;
#1520 = PLANE ( 'NONE',  #710 ) ;
#1521 = PRESENTATION_STYLE_ASSIGNMENT (( #673 ) ) ;
#1522 = DIMENSIONAL_EXPONENTS ( 1.000000000000000000, 0.000000000000000000, 0.000000000000000000, 0.000000000000000000, 0.000000000000000000, 0.000000000000000000, 0.000000000000000000 ) ;
#1523 = DIRECTION ( 'NONE',  ( -0.000000000000000000, -0.000000000000000000, -1.000000000000000000 ) ) ;
#1524 = CARTESIAN_POINT ( 'NONE',  ( -0.06500000000000000222, -0.5999999999999999778, 0.000000000000000000 ) ) ;
#1525 = ORIENTED_EDGE ( 'NONE', *, *, #1342, .F. ) ;
#1526 = CARTESIAN_POINT ( 'NONE',  ( -0.08499999999998998634, 0.000000000000000000, 0.000000000000000000 ) ) ;
#1527 = ORIENTED_EDGE ( 'NONE', *, *, #33, .T. ) ;
#1528 = CARTESIAN_POINT ( 'NONE',  ( -0.04000000000000000083, -0.5799999999999999600, -0.3649999999999999911 ) ) ;
#1529 = CARTESIAN_POINT ( 'NONE',  ( 7.225416114969381790E-18, -0.1590000000000000024, 0.04399999999999999745 ) ) ;
#1530 = CARTESIAN_POINT ( 'NONE',  ( 0.04000000000000000083, -0.7449999999999999956, -0.3649999999999999911 ) ) ;
#1531 = FACE_OUTER_BOUND ( 'NONE', #464, .T. ) ;
#1532 = VECTOR ( 'NONE', #1813, 39.37007874015748143 ) ;
#1533 = EDGE_CURVE ( 'NONE', #152, #390, #536, .T. ) ;
#1534 = ORIENTED_EDGE ( 'NONE', *, *, #967, .T. ) ;
#1535 = FILL_AREA_STYLE_COLOUR ( '', #1753 ) ;
#1536 = ORIENTED_EDGE ( 'NONE', *, *, #1278, .T. ) ;
#1537 = EDGE_CURVE ( 'NONE', #1250, #695, #844, .T. ) ;
#1538 = PRESENTATION_STYLE_ASSIGNMENT (( #121 ) ) ;
#1539 = MECHANICAL_DESIGN_GEOMETRIC_PRESENTATION_REPRESENTATION (  '', ( #1384 ), #444 ) ;
#1540 = SURFACE_STYLE_FILL_AREA ( #1804 ) ;
#1541 = AXIS2_PLACEMENT_3D ( 'NONE', #670, #539, #818 ) ;
#1542 = CARTESIAN_POINT ( 'NONE',  ( -7.225416114969383331E-18, -0.5589999999999999414, 0.04399999999999999745 ) ) ;
#1543 = FACE_OUTER_BOUND ( 'NONE', #1579, .T. ) ;
#1544 = UNCERTAINTY_MEASURE_WITH_UNIT (LENGTH_MEASURE( 1.000000000000000082E-05 ), #1364, 'distance_accuracy_value', 'NONE');
#1545 = VERTEX_POINT ( 'NONE', #272 ) ;
#1546 = DIRECTION ( 'NONE',  ( 0.000000000000000000, 0.000000000000000000, -1.000000000000000000 ) ) ;
#1547 = DIMENSIONAL_EXPONENTS ( 1.000000000000000000, 0.000000000000000000, 0.000000000000000000, 0.000000000000000000, 0.000000000000000000, 0.000000000000000000, 0.000000000000000000 ) ;
#1548 = EDGE_CURVE ( 'NONE', #1302, #627, #683, .T. ) ;
#1549 = VERTEX_POINT ( 'NONE', #262 ) ;
#1550 = LINE ( 'NONE', #820, #320 ) ;
#1551 = CARTESIAN_POINT ( 'NONE',  ( 0.000000000000000000, -0.2999999999999999889, 0.04399999999999999745 ) ) ;
#1552 = VERTEX_POINT ( 'NONE', #113 ) ;
#1553 = CARTESIAN_POINT ( 'NONE',  ( -0.05999999999999999778, -0.5799999999999999600, -0.2650000000000000133 ) ) ;
#1554 = VERTEX_POINT ( 'NONE', #693 ) ;
#1555 = ADVANCED_FACE ( 'NONE', ( #1254 ), #552, .T. ) ;
#1556 = CARTESIAN_POINT ( 'NONE',  ( 0.04000000000000000083, -0.5799999999999999600, -0.2650000000000000133 ) ) ;
#1557 = CARTESIAN_POINT ( 'NONE',  ( 0.05999999999999999778, -0.5799999999999999600, -0.1650000000000000078 ) ) ;
#1558 = CARTESIAN_POINT ( 'NONE',  ( 0.1179999999999999660, -0.5589999999999999414, 0.2799999999999998601 ) ) ;
#1559 = CARTESIAN_POINT ( 'NONE',  ( -0.1179999999999999799, -0.3590000000000000413, 0.2799999999999998601 ) ) ;
#1560 = VERTEX_POINT ( 'NONE', #1746 ) ;
#1561 = CARTESIAN_POINT ( 'NONE',  ( 0.06500000000000000222, -0.5999999999999999778, 0.000000000000000000 ) ) ;
#1562 = ORIENTED_EDGE ( 'NONE', *, *, #1153, .T. ) ;
#1563 = CARTESIAN_POINT ( 'NONE',  ( 0.000000000000000000, -0.5000000000000000000, 0.04399999999999999745 ) ) ;
#1564 = CARTESIAN_POINT ( 'NONE',  ( -0.04000000000000000083, -0.5799999999999999600, -0.2849999999999999756 ) ) ;
#1565 = EDGE_CURVE ( 'NONE', #427, #284, #1721, .T. ) ;
#1566 = SURFACE_SIDE_STYLE ('',( #1029 ) ) ;
#1567 = PRODUCT_CONTEXT ( 'NONE', #518, 'mechanical' ) ;
#1568 = ORIENTED_EDGE ( 'NONE', *, *, #1631, .T. ) ;
#1569 =( LENGTH_UNIT ( ) NAMED_UNIT ( * ) SI_UNIT ( $, .METRE. ) );
#1570 = AXIS2_PLACEMENT_3D ( 'NONE', #1435, #41, #1051 ) ;
#1571 = VERTEX_POINT ( 'NONE', #1164 ) ;
#1572 = DIRECTION ( 'NONE',  ( -0.000000000000000000, -0.000000000000000000, -1.000000000000000000 ) ) ;
#1573 = CARTESIAN_POINT ( 'NONE',  ( 0.04000000000000000083, -0.7449999999999999956, -0.1000000000000000056 ) ) ;
#1574 = LINE ( 'NONE', #1143, #707 ) ;
#1575 = CARTESIAN_POINT ( 'NONE',  ( 0.000000000000000000, -0.2409999999999999643, 0.04399999999999999745 ) ) ;
#1576 = UNCERTAINTY_MEASURE_WITH_UNIT (LENGTH_MEASURE( 1.000000000000000082E-05 ), #46, 'distance_accuracy_value', 'NONE');
#1577 = ORIENTED_EDGE ( 'NONE', *, *, #315, .T. ) ;
#1578 = LINE ( 'NONE', #345, #1600 ) ;
#1579 = EDGE_LOOP ( 'NONE', ( #350, #629, #27, #42 ) ) ;
#1580 = CARTESIAN_POINT ( 'NONE',  ( 0.05999999999999999778, -0.5799999999999999600, -0.2849999999999999756 ) ) ;
#1581 = FILL_AREA_STYLE ('',( #446 ) ) ;
#1582 = AXIS2_PLACEMENT_3D ( 'NONE', #1635, #364, #935 ) ;
#1583 = DIRECTION ( 'NONE',  ( 0.000000000000000000, 1.000000000000000000, 0.000000000000000000 ) ) ;
#1584 = CARTESIAN_POINT ( 'NONE',  ( 0.05999999999999999778, -0.7449999999999999956, -0.3649999999999999911 ) ) ;
#1585 = ORIENTED_EDGE ( 'NONE', *, *, #1307, .F. ) ;
#1586 = ADVANCED_FACE ( 'NONE', ( #1040 ), #1135, .T. ) ;
#1587 = CIRCLE ( 'NONE', #618, 0.05899999999999999689 ) ;
#1588 = ORIENTED_EDGE ( 'NONE', *, *, #163, .F. ) ;
#1589 = FACE_OUTER_BOUND ( 'NONE', #1446, .T. ) ;
#1590 = CARTESIAN_POINT ( 'NONE',  ( 0.08500000000000999811, -0.5999999999999999778, 0.000000000000000000 ) ) ;
#1591 = MECHANICAL_DESIGN_GEOMETRIC_PRESENTATION_REPRESENTATION (  '', ( #227 ), #133 ) ;
#1592 = EDGE_CURVE ( 'NONE', #538, #1147, #590, .T. ) ;
#1593 = AXIS2_PLACEMENT_3D ( 'NONE', #868, #895, #1003 ) ;
#1594 = PRESENTATION_STYLE_ASSIGNMENT (( #907 ) ) ;
#1595 = FILL_AREA_STYLE ('',( #1031 ) ) ;
#1596 = AXIS2_PLACEMENT_3D ( 'NONE', #1742, #334, #1033 ) ;
#1597 = ORIENTED_EDGE ( 'NONE', *, *, #594, .F. ) ;
#1598 = DIRECTION ( 'NONE',  ( -1.000000000000000000, 0.000000000000000000, 0.000000000000000000 ) ) ;
#1599 = PLANE ( 'NONE',  #983 ) ;
#1600 = VECTOR ( 'NONE', #773, 39.37007874015748143 ) ;
#1601 = LINE ( 'NONE', #1047, #798 ) ;
#1602 = EDGE_CURVE ( 'NONE', #970, #1389, #1706, .T. ) ;
#1603 = APPLICATION_PROTOCOL_DEFINITION ( 'draft international standard', 'automotive_design', 1998, #518 ) ;
#1604 = PRESENTATION_LAYER_ASSIGNMENT (  '', '', ( #899 ) ) ;
#1605 = CARTESIAN_POINT ( 'NONE',  ( 0.06500000000000000222, -0.5999999999999999778, -0.4550000000000000155 ) ) ;
#1606 = CARTESIAN_POINT ( 'NONE',  ( -0.04000000000000000083, -0.5799999999999999600, -0.1849999999999999978 ) ) ;
#1607 = ORIENTED_EDGE ( 'NONE', *, *, #1069, .F. ) ;
#1608 = CARTESIAN_POINT ( 'NONE',  ( -0.04000000000000000083, -0.5799999999999999600, -0.1650000000000000078 ) ) ;
#1609 = PLANE ( 'NONE',  #1395 ) ;
#1610 = CARTESIAN_POINT ( 'NONE',  ( 0.05999999999999999778, -0.5799999999999999600, -0.3649999999999999911 ) ) ;
#1611 = EDGE_CURVE ( 'NONE', #1434, #656, #1574, .T. ) ;
#1612 = DIRECTION ( 'NONE',  ( -1.000000000000000000, 0.000000000000000000, -0.000000000000000000 ) ) ;
#1613 = DIRECTION ( 'NONE',  ( 1.000000000000000000, 0.000000000000000000, -0.000000000000000000 ) ) ;
#1614 = LINE ( 'NONE', #731, #776 ) ;
#1615 = DIRECTION ( 'NONE',  ( -1.000000000000000000, -0.000000000000000000, 0.000000000000000000 ) ) ;
#1616 = ORIENTED_EDGE ( 'NONE', *, *, #814, .T. ) ;
#1617 = FILL_AREA_STYLE ('',( #368 ) ) ;
#1618 = LINE ( 'NONE', #922, #130 ) ;
#1619 = LINE ( 'NONE', #332, #1253 ) ;
#1620 = STYLED_ITEM ( 'NONE', ( #1594 ), #1669 ) ;
#1621 = CARTESIAN_POINT ( 'NONE',  ( 0.04000000000000000083, -0.7449999999999999956, -0.1650000000000000078 ) ) ;
#1622 = SURFACE_STYLE_FILL_AREA ( #762 ) ;
#1623 = MECHANICAL_DESIGN_GEOMETRIC_PRESENTATION_REPRESENTATION (  '', ( #1268 ), #1440 ) ;
#1624 = PLANE ( 'NONE',  #1691 ) ;
#1625 = EDGE_CURVE ( 'NONE', #891, #999, #439, .T. ) ;
#1626 =( GEOMETRIC_REPRESENTATION_CONTEXT ( 3 ) GLOBAL_UNCERTAINTY_ASSIGNED_CONTEXT ( ( #1276 ) ) GLOBAL_UNIT_ASSIGNED_CONTEXT ( ( #1480, #654, #488 ) ) REPRESENTATION_CONTEXT ( 'NONE', 'WORKASPACE' ) );
#1627 = EDGE_LOOP ( 'NONE', ( #1146, #1647 ) ) ;
#1628 = VECTOR ( 'NONE', #104, 39.37007874015748143 ) ;
#1629 = CARTESIAN_POINT ( 'NONE',  ( 0.05999999999999999778, -0.7449999999999999956, -0.2849999999999999756 ) ) ;
#1630 = DIRECTION ( 'NONE',  ( 0.000000000000000000, 0.000000000000000000, 1.000000000000000000 ) ) ;
#1631 = EDGE_CURVE ( 'NONE', #946, #1359, #531, .T. ) ;
#1632 = EDGE_CURVE ( 'NONE', #51, #408, #1441, .T. ) ;
#1633 = LINE ( 'NONE', #478, #1218 ) ;
#1634 = LINE ( 'NONE', #771, #917 ) ;
#1635 = CARTESIAN_POINT ( 'NONE',  ( 0.000000000000000000, -0.1000000000000000056, -0.005150000000000000064 ) ) ;
#1636 = CARTESIAN_POINT ( 'NONE',  ( 0.04000000000000000083, -0.5799999999999999600, -0.3850000000000000089 ) ) ;
#1637 = ORIENTED_EDGE ( 'NONE', *, *, #1823, .T. ) ;
#1638 =( NAMED_UNIT ( * ) PLANE_ANGLE_UNIT ( ) SI_UNIT ( $, .RADIAN. ) );
#1639 = DIRECTION ( 'NONE',  ( 0.000000000000000000, 1.000000000000000000, -0.000000000000000000 ) ) ;
#1640 = DIRECTION ( 'NONE',  ( -0.000000000000000000, -0.000000000000000000, -1.000000000000000000 ) ) ;
#1641 = LINE ( 'NONE', #1498, #1360 ) ;
#1642 = CARTESIAN_POINT ( 'NONE',  ( -0.05999999999999999778, -0.7449999999999999956, -0.1849999999999999978 ) ) ;
#1643 = CARTESIAN_POINT ( 'NONE',  ( 0.04000000000000000083, -0.5799999999999999600, -0.2849999999999999756 ) ) ;
#1644 = VERTEX_POINT ( 'NONE', #1152 ) ;
#1645 =( GEOMETRIC_REPRESENTATION_CONTEXT ( 3 ) GLOBAL_UNCERTAINTY_ASSIGNED_CONTEXT ( ( #283 ) ) GLOBAL_UNIT_ASSIGNED_CONTEXT ( ( #1089, #1638, #1199 ) ) REPRESENTATION_CONTEXT ( 'NONE', 'WORKASPACE' ) );
#1646 = CARTESIAN_POINT ( 'NONE',  ( -0.05999999999999999778, -0.5799999999999999600, -0.3649999999999999911 ) ) ;
#1647 = ORIENTED_EDGE ( 'NONE', *, *, #447, .T. ) ;
#1648 = DIRECTION ( 'NONE',  ( 0.000000000000000000, -0.000000000000000000, 1.000000000000000000 ) ) ;
#1649 = DIRECTION ( 'NONE',  ( 1.000000000000000000, 0.000000000000000000, -0.000000000000000000 ) ) ;
#1650 = VECTOR ( 'NONE', #1397, 39.37007874015748143 ) ;
#1651 =( BOUNDED_SURFACE ( )  B_SPLINE_SURFACE ( 3, 3, ( 
 ( #898, #1417, #149, #1575 ),
 ( #1282, #1136, #1714, #996 ),
 ( #1291, #1559, #318, #1154 ),
 ( #1723, #1852, #864, #181 ) ),
 .UNSPECIFIED., .F., .F., .F. ) 
 B_SPLINE_SURFACE_WITH_KNOTS ( ( 4, 4 ),
 ( 4, 4 ),
 ( 0.000000000000000000, 1.000000000000000000 ),
 ( 0.000000000000000000, 1.000000000000000000 ),
 .UNSPECIFIED. ) 
 GEOMETRIC_REPRESENTATION_ITEM ( )  RATIONAL_B_SPLINE_SURFACE ( (
 ( 1.000000000000000000, 0.3333333333333334259, 0.3333333333333334259, 1.000000000000000000),
 ( 0.3333333333333333703, 0.1111111111111111605, 0.1111111111111111605, 0.3333333333333333703),
 ( 0.3333333333333333703, 0.1111111111111111605, 0.1111111111111111605, 0.3333333333333333703),
 ( 1.000000000000000000, 0.3333333333333334259, 0.3333333333333334259, 1.000000000000000000) ) ) 
 REPRESENTATION_ITEM ( '' )  SURFACE ( )  );
#1652 = FACE_OUTER_BOUND ( 'NONE', #963, .T. ) ;
#1653 = VECTOR ( 'NONE', #1026, 39.37007874015748143 ) ;
#1654 = FILL_AREA_STYLE ('',( #516 ) ) ;
#1655 = STYLED_ITEM ( 'NONE', ( #1521 ), #1739 ) ;
#1656 = DIRECTION ( 'NONE',  ( 0.000000000000000000, 1.000000000000000000, 0.000000000000000000 ) ) ;
#1657 = ORIENTED_EDGE ( 'NONE', *, *, #579, .F. ) ;
#1658 = SURFACE_STYLE_FILL_AREA ( #1230 ) ;
#1659 = EDGE_LOOP ( 'NONE', ( #1807, #276, #1045, #1060 ) ) ;
#1660 = CARTESIAN_POINT ( 'NONE',  ( 0.04000000000000000083, -0.5799999999999999600, -0.2849999999999999756 ) ) ;
#1661 = CARTESIAN_POINT ( 'NONE',  ( 0.1179999999999999521, -0.04100000000000002254, 0.2799999999999998601 ) ) ;
#1662 = CARTESIAN_POINT ( 'NONE',  ( -7.225416114969383331E-18, -0.5589999999999999414, 0.04400000000000001132 ) ) ;
#1663 = CARTESIAN_POINT ( 'NONE',  ( 0.05999999999999999778, -0.5799999999999999600, -0.1650000000000000078 ) ) ;
#1664 = ORIENTED_EDGE ( 'NONE', *, *, #163, .T. ) ;
#1665 = LINE ( 'NONE', #1083, #1361 ) ;
#1666 = EDGE_LOOP ( 'NONE', ( #1365, #1363, #872, #854 ) ) ;
#1667 = LINE ( 'NONE', #1383, #1348 ) ;
#1668 = PRESENTATION_STYLE_ASSIGNMENT (( #1367 ) ) ;
#1669 = ADVANCED_FACE ( 'NONE', ( #884 ), #468, .T. ) ;
#1670 = CARTESIAN_POINT ( 'NONE',  ( 0.1179999999999999660, -0.4410000000000001141, 0.2799999999999998601 ) ) ;
#1671 = PRESENTATION_STYLE_ASSIGNMENT (( #1236 ) ) ;
#1672 = ORIENTED_EDGE ( 'NONE', *, *, #1069, .T. ) ;
#1673 = DIRECTION ( 'NONE',  ( 0.000000000000000000, 0.000000000000000000, 1.000000000000000000 ) ) ;
#1674 = EDGE_LOOP ( 'NONE', ( #866, #1424, #612, #1401 ) ) ;
#1675 = DIRECTION ( 'NONE',  ( -0.000000000000000000, -0.000000000000000000, -1.000000000000000000 ) ) ;
#1676 = FACE_BOUND ( 'NONE', #1354, .T. ) ;
#1677 = DIRECTION ( 'NONE',  ( -1.000000000000000000, 0.000000000000000000, 0.000000000000000000 ) ) ;
#1678 = LENGTH_MEASURE_WITH_UNIT ( LENGTH_MEASURE( 0.02539999999999999897 ), #405 );
#1679 = EDGE_CURVE ( 'NONE', #270, #920, #1058, .T. ) ;
#1680 = AXIS2_PLACEMENT_3D ( 'NONE', #1793, #1366, #587 ) ;
#1681 = VECTOR ( 'NONE', #571, 39.37007874015748143 ) ;
#1682 = EDGE_LOOP ( 'NONE', ( #451, #927, #990, #179 ) ) ;
#1683 = FILL_AREA_STYLE ('',( #1535 ) ) ;
#1684 = PRESENTATION_LAYER_ASSIGNMENT (  '', '', ( #1655 ) ) ;
#1685 = EDGE_CURVE ( 'NONE', #1163, #533, #632, .T. ) ;
#1686 = ORIENTED_EDGE ( 'NONE', *, *, #457, .T. ) ;
#1687 = APPLICATION_CONTEXT ( 'automotive_design' ) ;
#1688 = EDGE_CURVE ( 'NONE', #284, #695, #1634, .T. ) ;
#1689 = CARTESIAN_POINT ( 'NONE',  ( 0.1179999999999999799, -0.5589999999999999414, 0.04400000000000001132 ) ) ;
#1690 = UNCERTAINTY_MEASURE_WITH_UNIT (LENGTH_MEASURE( 1.000000000000000082E-05 ), #479, 'distance_accuracy_value', 'NONE');
#1691 = AXIS2_PLACEMENT_3D ( 'NONE', #1052, #354, #235 ) ;
#1692 = VERTEX_POINT ( 'NONE', #1776 ) ;
#1693 = DIRECTION ( 'NONE',  ( 0.000000000000000000, 1.000000000000000000, 0.000000000000000000 ) ) ;
#1694 = AXIS2_PLACEMENT_3D ( 'NONE', #336, #197, #1612 ) ;
#1695 =( GEOMETRIC_REPRESENTATION_CONTEXT ( 3 ) GLOBAL_UNCERTAINTY_ASSIGNED_CONTEXT ( ( #1544 ) ) GLOBAL_UNIT_ASSIGNED_CONTEXT ( ( #1364, #661, #391 ) ) REPRESENTATION_CONTEXT ( 'NONE', 'WORKASPACE' ) );
#1696 = ORIENTED_EDGE ( 'NONE', *, *, #720, .T. ) ;
#1697 = CARTESIAN_POINT ( 'NONE',  ( -0.05999999999999999778, -0.5799999999999999600, -0.1650000000000000078 ) ) ;
#1698 =( NAMED_UNIT ( * ) SI_UNIT ( $, .STERADIAN. ) SOLID_ANGLE_UNIT ( ) );
#1699 = CARTESIAN_POINT ( 'NONE',  ( 0.000000000000000000, -0.4410000000000000031, 0.04399999999999999745 ) ) ;
#1700 = CARTESIAN_POINT ( 'NONE',  ( 0.04000000000000000083, -0.7449999999999999956, -0.2849999999999999756 ) ) ;
#1701 = VERTEX_POINT ( 'NONE', #802 ) ;
#1702 = SURFACE_SIDE_STYLE ('',( #1846 ) ) ;
#1703 = ORIENTED_EDGE ( 'NONE', *, *, #1158, .T. ) ;
#1704 = DIRECTION ( 'NONE',  ( 0.000000000000000000, 1.000000000000000000, 0.000000000000000000 ) ) ;
#1705 = FACE_OUTER_BOUND ( 'NONE', #7, .T. ) ;
#1706 = LINE ( 'NONE', #1851, #1140 ) ;
#1707 = FILL_AREA_STYLE_COLOUR ( '', #264 ) ;
#1708 = ORIENTED_EDGE ( 'NONE', *, *, #529, .T. ) ;
#1709 =( BOUNDED_SURFACE ( )  B_SPLINE_SURFACE ( 3, 3, ( 
 ( #93, #279, #1818, #812 ),
 ( #1233, #1111, #1661, #410 ),
 ( #422, #1243, #549, #253 ),
 ( #122, #1104, #821, #1529 ) ),
 .UNSPECIFIED., .F., .F., .F. ) 
 B_SPLINE_SURFACE_WITH_KNOTS ( ( 4, 4 ),
 ( 4, 4 ),
 ( 0.000000000000000000, 1.000000000000000000 ),
 ( 0.000000000000000000, 1.000000000000000000 ),
 .UNSPECIFIED. ) 
 GEOMETRIC_REPRESENTATION_ITEM ( )  RATIONAL_B_SPLINE_SURFACE ( (
 ( 1.000000000000000000, 0.3333333333333334259, 0.3333333333333334259, 1.000000000000000000),
 ( 0.3333333333333333703, 0.1111111111111111605, 0.1111111111111111605, 0.3333333333333333703),
 ( 0.3333333333333333703, 0.1111111111111111605, 0.1111111111111111605, 0.3333333333333333703),
 ( 1.000000000000000000, 0.3333333333333334259, 0.3333333333333334259, 1.000000000000000000) ) ) 
 REPRESENTATION_ITEM ( '' )  SURFACE ( )  );
#1710 = CARTESIAN_POINT ( 'NONE',  ( 0.04000000000000000083, -0.5799999999999999600, -0.2650000000000000133 ) ) ;
#1711 = EDGE_LOOP ( 'NONE', ( #649, #1845, #435, #1034 ) ) ;
#1712 = CARTESIAN_POINT ( 'NONE',  ( -0.05899999999999999689, -0.5000000000000000000, 0.000000000000000000 ) ) ;
#1713 = COLOUR_RGB ( '',0.2980392156862745057, 0.2980392156862745057, 0.2980392156862745057 ) ;
#1714 = CARTESIAN_POINT ( 'NONE',  ( 0.1179999999999999660, -0.2409999999999999643, 0.2799999999999998601 ) ) ;
#1715 = ORIENTED_EDGE ( 'NONE', *, *, #1772, .T. ) ;
#1716 = DIRECTION ( 'NONE',  ( -0.000000000000000000, 1.000000000000000000, 0.000000000000000000 ) ) ;
#1717 = VECTOR ( 'NONE', #1409, 39.37007874015748143 ) ;
#1718 = VERTEX_POINT ( 'NONE', #229 ) ;
#1719 = CARTESIAN_POINT ( 'NONE',  ( 0.05999999999999999778, -0.5799999999999999600, -0.1849999999999999978 ) ) ;
#1720 = VECTOR ( 'NONE', #1180, 39.37007874015748143 ) ;
#1721 = LINE ( 'NONE', #156, #440 ) ;
#1722 = ADVANCED_FACE ( 'NONE', ( #1794 ), #66, .T. ) ;
#1723 = CARTESIAN_POINT ( 'NONE',  ( -7.225416114969383331E-18, -0.3589999999999999858, 0.04399999999999999745 ) ) ;
#1724 = UNCERTAINTY_MEASURE_WITH_UNIT (LENGTH_MEASURE( 1.000000000000000082E-05 ), #186, 'distance_accuracy_value', 'NONE');
#1725 = EDGE_LOOP ( 'NONE', ( #1855, #1472, #1129, #88 ) ) ;
#1726 = EDGE_CURVE ( 'NONE', #1079, #960, #781, .T. ) ;
#1727 = ORIENTED_EDGE ( 'NONE', *, *, #260, .T. ) ;
#1728 = DIRECTION ( 'NONE',  ( 1.000000000000000000, -0.000000000000000000, 0.000000000000000000 ) ) ;
#1729 = CARTESIAN_POINT ( 'NONE',  ( 2.709531043113518364E-18, -0.2409999999999999643, 0.04399999999999999745 ) ) ;
#1730 = VECTOR ( 'NONE', #1463, 39.37007874015748143 ) ;
#1731 = CARTESIAN_POINT ( 'NONE',  ( 0.000000000000000000, -0.5000000000000000000, 0.04399999999999999745 ) ) ;
#1732 = ORIENTED_EDGE ( 'NONE', *, *, #26, .F. ) ;
#1733 = FACE_OUTER_BOUND ( 'NONE', #1750, .T. ) ;
#1734 = ORIENTED_EDGE ( 'NONE', *, *, #1270, .T. ) ;
#1735 = EDGE_CURVE ( 'NONE', #1560, #1263, #512, .T. ) ;
#1736 = VECTOR ( 'NONE', #1583, 39.37007874015748143 ) ;
#1737 = DIRECTION ( 'NONE',  ( 0.000000000000000000, -1.000000000000000000, 0.000000000000000000 ) ) ;
#1738 = DIRECTION ( 'NONE',  ( 0.000000000000000000, -0.000000000000000000, 1.000000000000000000 ) ) ;
#1739 = ADVANCED_FACE ( 'NONE', ( #1317 ), #1709, .T. ) ;
#1740 =( NAMED_UNIT ( * ) SI_UNIT ( $, .STERADIAN. ) SOLID_ANGLE_UNIT ( ) );
#1741 = AXIS2_PLACEMENT_3D ( 'NONE', #534, #1649, #252 ) ;
#1742 = CARTESIAN_POINT ( 'NONE',  ( 0.000000000000000000, 0.000000000000000000, 0.000000000000000000 ) ) ;
#1743 = PRESENTATION_LAYER_ASSIGNMENT (  '', '', ( #1032 ) ) ;
#1744 = CARTESIAN_POINT ( 'NONE',  ( 0.000000000000000000, -0.5799999999999999600, 0.000000000000000000 ) ) ;
#1745 =( GEOMETRIC_REPRESENTATION_CONTEXT ( 3 ) GLOBAL_UNCERTAINTY_ASSIGNED_CONTEXT ( ( #1724 ) ) GLOBAL_UNIT_ASSIGNED_CONTEXT ( ( #186, #913, #1755 ) ) REPRESENTATION_CONTEXT ( 'NONE', 'WORKASPACE' ) );
#1746 = CARTESIAN_POINT ( 'NONE',  ( 0.05999999999999999778, -0.5799999999999999600, -0.2650000000000000133 ) ) ;
#1747 = DIRECTION ( 'NONE',  ( 0.000000000000000000, 0.000000000000000000, 1.000000000000000000 ) ) ;
#1748 = UNCERTAINTY_MEASURE_WITH_UNIT (LENGTH_MEASURE( 1.000000000000000082E-05 ), #630, 'distance_accuracy_value', 'NONE');
#1749 = ORIENTED_EDGE ( 'NONE', *, *, #554, .T. ) ;
#1750 = EDGE_LOOP ( 'NONE', ( #1131, #1382, #433, #595, #274, #1379, #1761, #110 ) ) ;
#1751 = ADVANCED_FACE ( 'NONE', ( #851, #1512, #1252, #535, #1676, #979, #1394 ), #542, .F. ) ;
#1752 = ORIENTED_EDGE ( 'NONE', *, *, #1485, .F. ) ;
#1753 = COLOUR_RGB ( '',0.2862745098039215508, 0.6627450980392156632, 0.3294117647058823484 ) ;
#1754 = CARTESIAN_POINT ( 'NONE',  ( 0.05999999999999999778, -0.5799999999999999600, -0.1849999999999999978 ) ) ;
#1755 =( NAMED_UNIT ( * ) SI_UNIT ( $, .STERADIAN. ) SOLID_ANGLE_UNIT ( ) );
#1756 = MECHANICAL_DESIGN_GEOMETRIC_PRESENTATION_REPRESENTATION (  '', ( #899 ), #81 ) ;
#1757 = DIRECTION ( 'NONE',  ( 0.000000000000000000, -0.000000000000000000, 1.000000000000000000 ) ) ;
#1758 = CARTESIAN_POINT ( 'NONE',  ( 0.000000000000000000, 0.000000000000000000, 0.000000000000000000 ) ) ;
#1759 =( NAMED_UNIT ( * ) PLANE_ANGLE_UNIT ( ) SI_UNIT ( $, .RADIAN. ) );
#1760 = DIRECTION ( 'NONE',  ( -1.000000000000000000, -0.000000000000000000, 0.000000000000000000 ) ) ;
#1761 = ORIENTED_EDGE ( 'NONE', *, *, #1246, .T. ) ;
#1762 = SURFACE_STYLE_USAGE ( .BOTH. , #1771 ) ;
#1763 = VERTEX_POINT ( 'NONE', #326 ) ;
#1764 = DIRECTION ( 'NONE',  ( 1.000000000000000000, 0.000000000000000000, -0.000000000000000000 ) ) ;
#1765 = ADVANCED_FACE ( 'NONE', ( #1705 ), #154, .T. ) ;
#1766 = CARTESIAN_POINT ( 'NONE',  ( -0.05999999999999999778, -0.7449999999999999956, -0.2650000000000000688 ) ) ;
#1767 = CARTESIAN_POINT ( 'NONE',  ( 0.000000000000000000, -0.1000000000000000056, 0.000000000000000000 ) ) ;
#1768 = UNCERTAINTY_MEASURE_WITH_UNIT (LENGTH_MEASURE( 1.000000000000000082E-05 ), #664, 'distance_accuracy_value', 'NONE');
#1769 = CARTESIAN_POINT ( 'NONE',  ( -0.04000000000000000083, -0.5799999999999999600, -0.3850000000000000089 ) ) ;
#1770 = ORIENTED_EDGE ( 'NONE', *, *, #1082, .T. ) ;
#1771 = SURFACE_SIDE_STYLE ('',( #1495 ) ) ;
#1772 = EDGE_CURVE ( 'NONE', #61, #361, #1133, .T. ) ;
#1773 = CARTESIAN_POINT ( 'NONE',  ( 0.04000000000000000083, -0.5799999999999999600, -0.3649999999999999911 ) ) ;
#1774 = CARTESIAN_POINT ( 'NONE',  ( -0.05999999999999999778, -0.5799999999999999600, -0.2849999999999999756 ) ) ;
#1775 = DIRECTION ( 'NONE',  ( 1.000000000000000000, 0.000000000000000000, -0.000000000000000000 ) ) ;
#1776 = CARTESIAN_POINT ( 'NONE',  ( -0.04000000000000000083, -0.7449999999999999956, -0.2849999999999999756 ) ) ;
#1777 = PRESENTATION_LAYER_ASSIGNMENT (  '', '', ( #263 ) ) ;
#1778 = PLANE ( 'NONE',  #1479 ) ;
#1779 = MECHANICAL_DESIGN_GEOMETRIC_PRESENTATION_REPRESENTATION (  '', ( #70 ), #1209 ) ;
#1780 = EDGE_LOOP ( 'NONE', ( #985, #1109, #496, #1124 ) ) ;
#1781 =( CONVERSION_BASED_UNIT ( 'INCH', #222 ) LENGTH_UNIT ( ) NAMED_UNIT ( #280 ) );
#1782 = CARTESIAN_POINT ( 'NONE',  ( -0.08499999999998998634, 0.000000000000000000, -0.4550000000000000155 ) ) ;
#1783 = LINE ( 'NONE', #679, #268 ) ;
#1784 = FACE_OUTER_BOUND ( 'NONE', #1780, .T. ) ;
#1785 = DIRECTION ( 'NONE',  ( 0.000000000000000000, 0.000000000000000000, 1.000000000000000000 ) ) ;
#1786 = DIRECTION ( 'NONE',  ( -0.000000000000000000, -0.000000000000000000, -1.000000000000000000 ) ) ;
#1787 = PLANE ( 'NONE',  #1812 ) ;
#1788 = EDGE_CURVE ( 'NONE', #151, #714, #8, .T. ) ;
#1789 = ORIENTED_EDGE ( 'NONE', *, *, #845, .T. ) ;
#1790 = LINE ( 'NONE', #1646, #470 ) ;
#1791 = ORIENTED_EDGE ( 'NONE', *, *, #1511, .F. ) ;
#1792 = CARTESIAN_POINT ( 'NONE',  ( 0.000000000000000000, 0.000000000000000000, -0.4550000000000000155 ) ) ;
#1793 = CARTESIAN_POINT ( 'NONE',  ( 0.000000000000000000, -0.2999999999999999889, 0.04399999999999999745 ) ) ;
#1794 = FACE_OUTER_BOUND ( 'NONE', #593, .T. ) ;
#1795 = CARTESIAN_POINT ( 'NONE',  ( 0.04000000000000000083, -0.5799999999999999600, -0.2849999999999999756 ) ) ;
#1796 = ORIENTED_EDGE ( 'NONE', *, *, #1157, .T. ) ;
#1797 = PRESENTATION_STYLE_ASSIGNMENT (( #191 ) ) ;
#1798 = LINE ( 'NONE', #527, #1211 ) ;
#1799 = ORIENTED_EDGE ( 'NONE', *, *, #172, .T. ) ;
#1800 = EDGE_CURVE ( 'NONE', #1701, #1763, #725, .T. ) ;
#1801 = EDGE_LOOP ( 'NONE', ( #646, #1295, #545, #304 ) ) ;
#1802 = DIRECTION ( 'NONE',  ( -0.000000000000000000, 0.000000000000000000, -1.000000000000000000 ) ) ;
#1803 = VECTOR ( 'NONE', #1496, 39.37007874015748143 ) ;
#1804 = FILL_AREA_STYLE ('',( #129 ) ) ;
#1805 = CARTESIAN_POINT ( 'NONE',  ( -0.1179999999999999799, -0.4410000000000000031, 0.04399999999999998357 ) ) ;
#1806 = SURFACE_SIDE_STYLE ('',( #1239 ) ) ;
#1807 = ORIENTED_EDGE ( 'NONE', *, *, #1685, .T. ) ;
#1808 = PLANE ( 'NONE',  #1127 ) ;
#1809 = EDGE_CURVE ( 'NONE', #1571, #284, #608, .T. ) ;
#1810 = DIMENSIONAL_EXPONENTS ( 1.000000000000000000, 0.000000000000000000, 0.000000000000000000, 0.000000000000000000, 0.000000000000000000, 0.000000000000000000, 0.000000000000000000 ) ;
#1811 = ORIENTED_EDGE ( 'NONE', *, *, #1809, .T. ) ;
#1812 = AXIS2_PLACEMENT_3D ( 'NONE', #918, #936, #957 ) ;
#1813 = DIRECTION ( 'NONE',  ( 1.000000000000000000, 0.000000000000000000, 0.000000000000000000 ) ) ;
#1814 = FILL_AREA_STYLE_COLOUR ( '', #1713 ) ;
#1815 = ORIENTED_EDGE ( 'NONE', *, *, #594, .T. ) ;
#1816 = LINE ( 'NONE', #855, #1717 ) ;
#1817 = ORIENTED_EDGE ( 'NONE', *, *, #1342, .T. ) ;
#1818 = CARTESIAN_POINT ( 'NONE',  ( 0.000000000000000000, -0.04100000000000002254, 0.04399999999999999745 ) ) ;
#1819 = DIMENSIONAL_EXPONENTS ( 1.000000000000000000, 0.000000000000000000, 0.000000000000000000, 0.000000000000000000, 0.000000000000000000, 0.000000000000000000, 0.000000000000000000 ) ;
#1820 = ADVANCED_FACE ( 'NONE', ( #438 ), #178, .F. ) ;
#1821 = FILL_AREA_STYLE_COLOUR ( '', #383 ) ;
#1822 =( NAMED_UNIT ( * ) PLANE_ANGLE_UNIT ( ) SI_UNIT ( $, .RADIAN. ) );
#1823 = EDGE_CURVE ( 'NONE', #729, #570, #1422, .T. ) ;
#1824 = AXIS2_PLACEMENT_3D ( 'NONE', #766, #214, #1226 ) ;
#1825 = EDGE_CURVE ( 'NONE', #1718, #1407, #1035, .T. ) ;
#1826 = EDGE_LOOP ( 'NONE', ( #265, #1005, #1261, #171, #4 ) ) ;
#1827 = CARTESIAN_POINT ( 'NONE',  ( -0.04000000000000000777, -0.5799999999999999600, 0.000000000000000000 ) ) ;
#1828 = EDGE_CURVE ( 'NONE', #1079, #1692, #165, .T. ) ;
#1829 = ORIENTED_EDGE ( 'NONE', *, *, #628, .F. ) ;
#1830 =( LENGTH_UNIT ( ) NAMED_UNIT ( * ) SI_UNIT ( $, .METRE. ) );
#1831 = VECTOR ( 'NONE', #1423, 39.37007874015748143 ) ;
#1832 = PLANE ( 'NONE',  #108 ) ;
#1833 = AXIS2_PLACEMENT_3D ( 'NONE', #1719, #715, #993 ) ;
#1834 = ORIENTED_EDGE ( 'NONE', *, *, #754, .T. ) ;
#1835 = DIRECTION ( 'NONE',  ( 1.000000000000000000, 0.000000000000000000, 0.000000000000000000 ) ) ;
#1836 = COLOUR_RGB ( '',0.6470588235294117974, 0.6196078431372549211, 0.5882352941176470784 ) ;
#1837 = EDGE_LOOP ( 'NONE', ( #159, #134, #1664, #838, #598 ) ) ;
#1838 = MANIFOLD_SOLID_BREP ( 'Imported1', #947 ) ;
#1839 = LINE ( 'NONE', #1141, #1653 ) ;
#1840 = PRODUCT_DEFINITION_FORMATION_WITH_SPECIFIED_SOURCE ( 'ANY', '', #1134, .NOT_KNOWN. ) ;
#1841 = CARTESIAN_POINT ( 'NONE',  ( 0.000000000000000000, -0.4410000000000000031, 0.04399999999999999745 ) ) ;
#1842 = UNCERTAINTY_MEASURE_WITH_UNIT (LENGTH_MEASURE( 1.000000000000000082E-05 ), #1781, 'distance_accuracy_value', 'NONE');
#1843 = VECTOR ( 'NONE', #294, 39.37007874015748143 ) ;
#1844 = EDGE_CURVE ( 'NONE', #1391, #1023, #860, .T. ) ;
#1845 = ORIENTED_EDGE ( 'NONE', *, *, #1844, .T. ) ;
#1846 = SURFACE_STYLE_FILL_AREA ( #442 ) ;
#1847 = AXIS2_PLACEMENT_3D ( 'NONE', #208, #925, #1757 ) ;
#1848 = VERTEX_POINT ( 'NONE', #1430 ) ;
#1849 = FILL_AREA_STYLE ('',( #146 ) ) ;
#1850 = DIRECTION ( 'NONE',  ( 0.000000000000000000, -0.000000000000000000, 1.000000000000000000 ) ) ;
#1851 = CARTESIAN_POINT ( 'NONE',  ( 0.05999999999999999778, -0.7449999999999999956, -0.1849999999999999978 ) ) ;
#1852 = CARTESIAN_POINT ( 'NONE',  ( -7.225416114969383331E-18, -0.3589999999999999858, 0.04400000000000001132 ) ) ;
#1853 = ORIENTED_EDGE ( 'NONE', *, *, #359, .F. ) ;
#1854 = SURFACE_STYLE_USAGE ( .BOTH. , #1702 ) ;
#1855 = ORIENTED_EDGE ( 'NONE', *, *, #692, .T. ) ;
ENDSEC;
END-ISO-10303-21;
